0	2	17.93512983	2.85069240	10.23676983
1	3	17.92225283	2.83781541	10.22389284
2	6	17.93157416	2.84713673	10.23321416
3	7	17.91714574	2.83270832	10.21878575
4	8	17.93709805	2.85266063	10.23873806
5	9	17.91501677	2.83057935	10.21665678
6	12	17.90596791	2.82153049	10.20760792
7	13	17.91612549	2.83168807	10.21776550
8	14	17.95393614	2.86949872	10.25557615
9	16	17.97797074	2.89353331	10.27961074
10	17	17.93717483	2.85273741	10.23881484
11	19	17.95709735	2.87265993	10.25873736
12	20	17.96305223	2.87861481	10.26469224
13	21	17.90217596	2.81773854	10.20381597
14	22	17.91696433	2.83252690	10.21860433
15	23	17.91992147	2.83548404	10.22156148
16	24	17.90420130	2.81976388	10.20584131
17	25	17.91455578	2.83011835	10.21619578
18	26	17.92676223	2.84232481	10.22840224
19	27	17.97698880	2.89255137	10.27862880
20	29	17.90344346	2.81900603	10.20508346
21	30	17.91645727	2.83201985	10.21809728
22	31	17.96640431	2.88196689	10.26804432
23	32	17.92845290	2.84401548	10.23009291
24	33	17.93234146	2.84790403	10.23398146
25	34	17.93549442	2.85105700	10.23713443
26	36	17.93712912	2.85269169	10.23876912
27	38	17.93634290	2.85190548	10.23798291
28	40	17.91229617	2.82785875	10.21393618
29	41	17.90633835	2.82190093	10.20797836
30	44	17.92838139	2.84394396	10.23002139
31	46	17.94242233	2.85798491	10.24406234
32	47	17.94822324	2.86378581	10.24986324
33	51	17.90301464	2.81857722	10.20465465
34	53	17.93540319	2.85096577	10.23704320
35	54	17.98512748	2.90069006	10.28676749
36	55	17.90752184	2.82308442	10.20916185
37	58	17.91018714	2.82574972	10.21182715
38	59	17.91694931	2.83251189	10.21858932
39	62	17.95394899	2.86951157	10.25558900
40	65	17.96744804	2.88301062	10.26908805
41	68	17.92940929	2.84497187	10.23104930
42	69	17.93139157	2.84695414	10.23303158
43	70	17.93884221	2.85440479	10.24048222
44	74	17.95140805	2.86697063	10.25304806
45	76	17.95462942	2.87019200	10.25626943
46	77	17.92707574	2.84263831	10.22871574
47	79	18.00307640	2.91863898	10.30471641
48	80	17.93429017	2.84985274	10.23593017
49	81	17.94767273	2.86323531	10.24931274
50	83	18.00705712	2.92261970	10.30869713
51	91	18.06709808	2.98266066	10.36873809
52	95	17.95968911	2.87525169	10.26132912
53	97	17.98032923	2.89589180	10.28196923
54	99	17.99258143	2.90814401	10.29422144
55	100	17.98115955	2.89672213	10.28279956
56	102	18.04932995	2.96489253	10.35096996
57	103	17.95543544	2.87099801	10.25707544
58	104	17.91383773	2.82940030	10.21547773
59	105	17.95248086	2.86804344	10.25412087
60	107	17.95611838	2.87168095	10.25775838
61	108	17.96371448	2.87927706	10.26535449
62	111	17.90930650	2.82486908	10.21094651
63	112	17.91567893	2.83124151	10.21731894
64	114	17.93013601	2.84569859	10.23177602
65	116	17.97188358	2.88744616	10.27352359
66	118	17.95503743	2.87060001	10.25667744
67	119	17.92150040	2.83706297	10.22314041
68	121	17.94318241	2.85874499	10.24482242
69	123	17.91861868	2.83418125	10.22025868
70	125	17.95386136	2.86942393	10.25550136
71	127	17.93043789	2.84600047	10.23207790
72	128	17.95554930	2.87111187	10.25718930
73	129	17.91222220	2.82778477	10.21386220
74	131	18.00228966	2.91785224	10.30392967
75	132	17.95544461	2.87100719	10.25708462
76	133	17.95943608	2.87499866	10.26107609
77	134	17.93597821	2.85154078	10.23761821
78	135	17.90913338	2.82469595	10.21077338
79	136	17.98406137	2.89962395	10.28570138
80	137	17.94978645	2.86534903	10.25142646
81	140	17.90577882	2.82134140	10.20741883
82	144	17.95902142	2.87458400	10.26066143
83	145	17.94311752	2.85868010	10.24475753
84	147	17.91813928	2.83370186	10.21977929
85	148	17.93767778	2.85324035	10.23931779
86	149	17.92458013	2.84014270	10.22622013
87	150	17.95357784	2.86914041	10.25521785
88	151	17.93352978	2.84909236	10.23516979
89	152	17.96905246	2.88461504	10.27069247
90	153	17.95234747	2.86791005	10.25398748
91	154	17.90304013	2.81860271	10.20468014
92	155	17.93664860	2.85221118	10.23828861
93	156	17.92462646	2.84018904	10.22626647
94	157	17.91015371	2.82571628	10.21179371
95	158	17.91713050	2.83269308	10.21877051
96	160	17.90301210	2.81857468	10.20465211
97	161	17.92641596	2.84197853	10.22805596
98	162	17.93310858	2.84867116	10.23474859
99	163	17.96474230	2.88030488	10.26638231
100	164	17.96979441	2.88535699	10.27143442
101	165	17.98968680	2.90524938	10.29132681
102	167	17.91849693	2.83405951	10.22013694
103	168	17.93068225	2.84624482	10.23232225
104	170	17.93399212	2.84955470	10.23563213
105	171	17.93293477	2.84849735	10.23457478
106	172	17.95687387	2.87243645	10.25851388
107	174	17.95505580	2.87061838	10.25669581
108	175	17.94162569	2.85718827	10.24326570
109	177	17.93345534	2.84901792	10.23509535
110	179	17.93674954	2.85231212	10.23838955
111	181	17.93114307	2.84670565	10.23278308
112	185	18.05785111	2.97341369	10.35949112
113	186	17.94899146	2.86455403	10.25063146
114	189	17.93304230	2.84860487	10.23468230
115	190	17.94529553	2.86085811	10.24693554
116	191	17.94993824	2.86550082	10.25157825
117	192	17.94451314	2.86007572	10.24615315
118	194	17.93543819	2.85100077	10.23707820
119	197	17.93545238	2.85101496	10.23709239
120	199	17.93083303	2.84639561	10.23247304
121	201	17.90232514	2.81788772	10.20396515
122	203	17.91223098	2.82779356	10.21387099
123	207	17.91065204	2.82621461	10.21229204
124	208	17.90295680	2.81851938	10.20459681
125	210	17.91387845	2.82944102	10.21551845
126	211	17.93937443	2.85493701	10.24101444
127	212	17.90796627	2.82352885	10.20960628
128	213	17.91581115	2.83137372	10.21745115
129	214	17.92183827	2.83740084	10.22347828
130	217	17.92810840	2.84367097	10.22974841
131	218	17.99215024	2.90771282	10.29379025
132	220	17.99745838	2.91302095	10.29909838
133	224	17.92335060	2.83891317	10.22499060
134	226	17.94280196	2.85836454	10.24444197
135	227	18.16796860	3.08353118	10.46960861
136	228	17.90922092	2.82478350	10.21086093
137	229	17.95700757	2.87257014	10.25864758
138	230	18.01074776	2.92631034	10.31238777
139	231	18.01524842	2.93081099	10.31688843
140	232	17.93658637	2.85214895	10.23822638
141	234	17.93300320	2.84856578	10.23464321
142	236	17.95952352	2.87508610	10.26116353
143	238	17.92820981	2.84377238	10.22984981
144	240	17.99588389	2.91144647	10.29752390
145	242	17.92700533	2.84256791	10.22864534
146	243	17.92061550	2.83617808	10.22225551
147	245	17.95515724	2.87071981	10.25679725
148	246	17.92833663	2.84389920	10.22997664
149	247	17.92913105	2.84469362	10.23077105
150	248	17.92860106	2.84416363	10.23024106
151	249	17.95295304	2.86851562	10.25459305
152	250	17.98449733	2.90005991	10.28613734
153	251	17.95613449	2.87169707	10.25777450
154	252	17.93130997	2.84687255	10.23294998
155	253	17.94052901	2.85609159	10.24216902
156	255	18.14453949	3.06010207	10.44617950
157	256	18.26283861	3.17840119	10.56447862
158	259	18.28751961	3.20308219	10.58915962
159	261	18.30096939	3.21653197	10.60260940
160	262	18.54985600	3.46541858	10.85149601
161	263	18.64745804	3.56302062	10.94909805
162	265	18.68341182	3.59897439	10.98505182
163	266	18.69206193	3.60762450	10.99370193
164	267	18.56623258	3.48179516	10.86787259
165	268	18.10997601	3.02553859	10.41161602
166	273	18.77110239	3.68666497	11.07274240
167	281	18.84953283	3.76509541	11.15117284
168	283	18.56628652	3.48184910	10.86792653
169	284	19.22635315	4.14191573	11.52799316
170	289	18.40248077	3.31804335	10.70412078
171	290	18.01872931	2.93429189	10.32036932
172	291	18.29184946	3.20741203	10.59348946
173	294	17.93782651	2.85338908	10.23946651
174	295	17.97094541	2.88650799	10.27258542
175	302	18.77110239	3.68666497	11.07274240
176	310	18.84953283	3.76509541	11.15117284
177	312	18.56628652	3.48184910	10.86792653
178	313	19.22635315	4.14191573	11.52799316
179	318	18.40248077	3.31804335	10.70412078
180	320	18.29184946	3.20741203	10.59348946
181	322	17.92037391	2.83593648	10.22201391
182	325	18.02175013	2.93731271	10.32339014
183	326	17.99761766	2.91318024	10.29925767
184	327	17.93054169	2.84610426	10.23218169
185	328	17.93500140	2.85056397	10.23664140
186	329	17.93447795	2.85004053	10.23611796
187	331	18.86119732	3.77675990	11.16283733
188	341	18.43420170	3.34976428	10.73584171
189	347	19.77168439	4.68724696	12.07332439
190	349	19.53428455	4.44984713	11.83592456
191	350	18.61145750	3.52702008	10.91309751
192	352	18.80863744	3.72420002	11.11027745
193	357	18.06666200	2.98222457	10.36830200
194	358	18.25670528	3.17226785	10.55834529
195	385	18.58810558	3.50366815	10.88974558
196	397	18.53463872	3.45020130	10.83627873
197	400	18.05195830	2.96752087	10.35359831
198	401	17.90116559	2.81672816	10.20280559
199	404	17.99468588	2.91024846	10.29632589
200	405	17.98759095	2.90315353	10.28923096
201	406	17.96221261	2.87777518	10.26385261
202	407	17.97577931	2.89134188	10.27741931
203	408	18.01403273	2.92959531	10.31567274
204	409	18.13826311	3.05382569	10.43990312
205	410	18.04266767	2.95823024	10.34430767
206	411	17.97176057	2.88732315	10.27340058
207	415	17.94025614	2.85581872	10.24189615
208	417	17.94303570	2.85859828	10.24467571
209	419	17.92980782	2.84537039	10.23144782
210	420	17.94376104	2.85932361	10.24540104
211	421	18.18049571	3.09605828	10.48213571
212	422	17.94163487	2.85719745	10.24327488
213	425	17.96353032	2.87909290	10.26517033
214	426	17.93889932	2.85446190	10.24053933
215	429	18.20695281	3.12251538	10.50859281
216	430	18.22973682	3.14529939	10.53137682
217	431	17.95300350	2.86856607	10.25464350
218	432	17.98981378	2.90537636	10.29145379
219	433	17.97676423	2.89232681	10.27840424
220	434	17.92801772	2.84358030	10.22965773
221	436	18.04230360	2.95786617	10.34394360
222	438	17.97523350	2.89079608	10.27687351
223	439	18.08480864	3.00037121	10.38644864
224	440	17.94507539	2.86063797	10.24671540
225	441	17.93207981	2.84764239	10.23371982
226	442	18.05549323	2.97105580	10.35713323
227	443	17.93889142	2.85445400	10.24053143
228	444	17.94271821	2.85828079	10.24435822
229	445	17.93449719	2.85005976	10.23613719
230	447	17.93229398	2.84785656	10.23393399
231	448	18.08790334	3.00346592	10.38954335
232	449	17.94552026	2.86108284	10.24716027
233	452	17.92170300	2.83726558	10.22334301
234	453	17.99360945	2.90917203	10.29524946
235	454	17.94325107	2.85881365	10.24489108
236	456	17.95524015	2.87080272	10.25688015
237	462	18.13455600	3.05011857	10.43619600
238	463	17.97507294	2.89063552	10.27671295
239	467	18.00843783	2.92400040	10.31007783
240	469	17.93270521	2.84826778	10.23434521
241	470	18.01820451	2.93376709	10.31984452
242	471	18.04142345	2.95698603	10.34306346
243	472	17.93376126	2.84932384	10.23540127
244	474	17.95107266	2.86663524	10.25271267
245	476	17.94938220	2.86494478	10.25102221
246	477	17.94658661	2.86214919	10.24822662
247	479	17.94563351	2.86119609	10.24727352
248	480	17.92625105	2.84181363	10.22789106
249	483	17.95828052	2.87384310	10.25992053
250	484	17.96565216	2.88121474	10.26729217
251	485	17.96690989	2.88247247	10.26854990
252	486	17.93084850	2.84641108	10.23248851
253	487	18.20108397	3.11664655	10.50272398
254	488	18.02574071	2.94130328	10.32738071
255	489	18.04494462	2.96050720	10.34658463
256	490	17.95121988	2.86678246	10.25285989
257	491	17.97145655	2.88701913	10.27309656
258	492	17.96941316	2.88497574	10.27105317
259	494	17.95638699	2.87194957	10.25802700
260	495	17.97105138	2.88661396	10.27269139
261	496	17.94176044	2.85732302	10.24340045
262	498	17.93886867	2.85443125	10.24050868
263	500	17.92673587	2.84229845	10.22837588
264	502	17.94259352	2.85815610	10.24423353
265	503	17.93887219	2.85443477	10.24051220
266	504	17.94491720	2.86047977	10.24655720
267	505	18.01618659	2.93174916	10.31782659
268	507	18.10102007	3.01658265	10.40266008
269	509	17.93706046	2.85262304	10.23870047
270	511	17.98634369	2.90190626	10.28798369
271	512	17.96512705	2.88068962	10.26676705
272	514	17.93160770	2.84717027	10.23324770
273	515	17.99191488	2.90747745	10.29355488
274	516	18.00833790	2.92390048	10.30997791
275	518	17.96759269	2.88315527	10.26923270
276	519	17.93791369	2.85347627	10.23955370
277	521	17.92392340	2.83948597	10.22556340
278	523	17.92503794	2.84060051	10.22667795
279	524	18.21009291	3.12565549	10.51173292
280	525	17.97137882	2.88694139	10.27301882
281	527	17.94115033	2.85671291	10.24279034
282	529	17.97956088	2.89512346	10.28120089
283	531	17.92839227	2.84395484	10.23003227
284	532	17.97163483	2.88719741	10.27327484
285	533	17.95250325	2.86806583	10.25414326
286	534	17.93479740	2.85035998	10.23643741
287	535	18.27136059	3.18692317	10.57300060
288	536	17.95270973	2.86827230	10.25434973
289	538	17.92405485	2.83961742	10.22569485
290	540	18.02296849	2.93853106	10.32460849
291	541	18.00650843	2.92207101	10.30814844
292	542	17.92687536	2.84243794	10.22851537
293	543	17.92701074	2.84257332	10.22865075
294	544	17.98146525	2.89702783	10.28310526
295	545	17.93176071	2.84732329	10.23340072
296	546	17.96944176	2.88500433	10.27108176
297	547	17.98729298	2.90285555	10.28893298
298	548	17.93809397	2.85365655	10.23973398
299	549	18.18304748	3.09861006	10.48468749
300	550	17.93260578	2.84816835	10.23424578
301	552	18.32691309	3.24247567	10.62855310
302	553	17.92482651	2.84038908	10.22646651
303	555	18.02772887	2.94329144	10.32936887
304	556	18.11207913	3.02764171	10.41371914
305	557	17.92662126	2.84218384	10.22826127
306	558	17.98194565	2.89750822	10.28358565
307	559	17.99813294	2.91369551	10.29977294
308	560	17.95365632	2.86921890	10.25529633
309	561	17.97612344	2.89168601	10.27776344
310	562	18.01571207	2.93127465	10.31735208
311	564	17.92927498	2.84483755	10.23091498
312	565	17.97374728	2.88930985	10.27538729
313	566	17.96304312	2.87860570	10.26468313
314	567	17.93991950	2.85548208	10.24155951
315	568	18.07252303	2.98808561	10.37416304
316	570	17.93977471	2.85533728	10.24141471
317	572	17.99600144	2.91156402	10.29764145
318	573	17.95285049	2.86841306	10.25449049
319	575	18.01644905	2.93201163	10.31808906
320	578	17.94285462	2.85841720	10.24449463
321	579	17.98268195	2.89824452	10.28432195
322	580	17.95134029	2.86690287	10.25298030
323	581	17.94265850	2.85822107	10.24429851
324	582	17.94760655	2.86316912	10.24924655
325	584	17.95758655	2.87314913	10.25922656
326	585	17.95540913	2.87097171	10.25704914
327	587	17.99279018	2.90835276	10.29443019
328	588	17.93801517	2.85357775	10.23965518
329	591	17.94242647	2.85798904	10.24406647
330	592	17.95147736	2.86703994	10.25311737
331	594	17.95792032	2.87348290	10.25956033
332	595	17.93951603	2.85507860	10.24115603
333	596	17.92939776	2.84496034	10.23103777
334	597	17.97668214	2.89224472	10.27832215
335	599	17.98927325	2.90483582	10.29091325
336	600	17.98077323	2.89633580	10.28241323
337	601	17.96397738	2.87953995	10.26561739
338	603	18.08289256	2.99845514	10.38453257
339	604	17.99799261	2.91355519	10.29963262
340	605	18.06515436	2.98071694	10.36679437
341	606	17.95121874	2.86678131	10.25285875
342	607	17.96572426	2.88128684	10.26736427
343	608	17.93265034	2.84821292	10.23429035
344	609	17.99096573	2.90652831	10.29260574
345	610	17.94761771	2.86318029	10.24925772
346	611	17.95155393	2.86711651	10.25319394
347	612	18.14655795	3.06212052	10.44819795
348	614	18.13728737	3.05284995	10.43892738
349	615	17.94961548	2.86517806	10.25125549
350	616	17.96088144	2.87644402	10.26252145
351	617	17.94206580	2.85762837	10.24370580
352	619	18.10009418	3.01565676	10.40173419
353	620	17.97138324	2.88694581	10.27302324
354	621	17.99478218	2.91034475	10.29642219
355	622	17.93847167	2.85403424	10.24011167
356	623	17.94584152	2.86140409	10.24748152
357	625	17.97848907	2.89405164	10.28012907
358	626	17.93092830	2.84649087	10.23256830
359	627	18.01675842	2.93232100	10.31839843
360	629	17.96307923	2.87864181	10.26471924
361	630	18.06582452	2.98138710	10.36746453
362	631	18.33411088	3.24967345	10.63575088
363	632	17.96283474	2.87839732	10.26447475
364	634	17.96642202	2.88198460	10.26806203
365	635	17.93357277	2.84913535	10.23521278
366	643	17.96143740	2.87699997	10.26307740
367	644	17.96723757	2.88280015	10.26887758
368	645	17.95161100	2.86717357	10.25325100
369	646	17.98410054	2.89966312	10.28574055
370	647	17.92867521	2.84423779	10.23031522
371	648	17.95480626	2.87036883	10.25644626
372	651	17.95829299	2.87385557	10.25993300
373	652	17.95482647	2.87038905	10.25646648
374	654	18.12945526	3.04501784	10.43109527
375	656	18.08435253	2.99991511	10.38599254
376	657	17.93525214	2.85081472	10.23689215
377	659	17.93535310	2.85091568	10.23699311
378	660	18.27844446	3.19400704	10.58008447
379	661	17.94022073	2.85578331	10.24186074
380	663	17.99694705	2.91250963	10.29858706
381	664	18.00342077	2.91898335	10.30506078
382	665	17.96804802	2.88361060	10.26968803
383	666	17.94400157	2.85956415	10.24564158
384	669	18.07440928	2.98997185	10.37604928
385	670	17.94653840	2.86210098	10.24817841
386	671	18.04861881	2.96418138	10.35025881
387	673	17.93845660	2.85401917	10.24009660
388	675	17.94314934	2.85871191	10.24478934
389	676	17.93691909	2.85248167	10.23855910
390	677	17.93986688	2.85542946	10.24150689
391	680	17.93463374	2.85019632	10.23627375
392	682	17.97017885	2.88574143	10.27181886
393	684	18.05027135	2.96583392	10.35191135
394	685	17.92737858	2.84294116	10.22901859
395	686	17.92980063	2.84536321	10.23144064
396	688	17.93414416	2.84970674	10.23578417
397	689	17.98022027	2.89578285	10.28186028
398	691	17.93173519	2.84729776	10.23337519
399	693	17.93817269	2.85373526	10.23981269
400	696	17.94961236	2.86517494	10.25125237
401	697	17.93868547	2.85424805	10.24032548
402	699	17.95792026	2.87348284	10.25956027
403	700	17.90266682	2.81822940	10.20430683
404	701	17.91130909	2.82687166	10.21294909
405	702	17.91336760	2.82893018	10.21500761
406	705	17.90904084	2.82460342	10.21068085
407	706	17.91388438	2.82944696	10.21552439
408	707	17.91598980	2.83155237	10.21762980
409	708	17.92364262	2.83920520	10.22528263
410	709	17.90373016	2.81929273	10.20537017
411	711	17.90597587	2.82153845	10.20761588
412	712	17.90467209	2.82023466	10.20631210
413	713	17.90484706	2.82040964	10.20648707
414	714	17.91814852	2.83371110	10.21978853
415	715	17.90328391	2.81884649	10.20492392
416	716	17.90429450	2.81985707	10.20593450
417	718	17.90897160	2.82453418	10.21061161
418	721	17.91717106	2.83273363	10.21881106
419	722	17.90341420	2.81897678	10.20505421
420	723	17.90796418	2.82352675	10.20960418
421	724	17.90244626	2.81800884	10.20408627
422	726	17.93155990	2.84712248	10.23319991
423	728	17.90443903	2.82000161	10.20607904
424	730	17.91026285	2.82582543	10.21190286
425	732	17.90368415	2.81924673	10.20532416
426	733	17.90902559	2.82458816	10.21066559
427	734	17.90341354	2.81897611	10.20505354
428	735	17.90365737	2.81921995	10.20529738
429	736	17.90503821	2.82060078	10.20667821
430	737	17.90585467	2.82141725	10.20749468
431	740	17.90970544	2.82526801	10.21134544
432	741	17.90843722	2.82399980	10.21007723
433	744	17.90292090	2.81848347	10.20456090
434	745	17.90965206	2.82521463	10.21129206
435	746	17.90542558	2.82098816	10.20706559
436	748	17.90560446	2.82116704	10.20724447
437	752	17.90614667	2.82170925	10.20778668
438	757	17.92132128	2.83688385	10.22296128
439	758	17.91247133	2.82803391	10.21411134
440	760	17.91708252	2.83264509	10.21872252
441	761	17.90908088	2.82464345	10.21072088
442	762	17.91913463	2.83469720	10.22077463
443	764	17.91132211	2.82688469	10.21296212
444	768	17.92788812	2.84345070	10.22952813
445	771	17.91843997	2.83400255	10.22007998
446	772	17.94078710	2.85634968	10.24242711
447	773	17.91348155	2.82904412	10.21512155
448	776	17.92857003	2.84413261	10.23021004
449	780	17.93816595	2.85372853	10.23980596
450	781	17.92708508	2.84264766	10.22872509
451	784	17.93437332	2.84993589	10.23601332
452	786	17.95473859	2.87030117	10.25637860
453	788	17.95086973	2.86643231	10.25250974
454	790	17.94152821	2.85709078	10.24316822
455	791	17.90693741	2.82249999	10.20857742
456	792	17.92062125	2.83618383	10.22226126
457	793	17.95807887	2.87364145	10.25971888
458	794	17.92259659	2.83815917	10.22423660
459	795	17.90816909	2.82373166	10.20980909
460	799	17.92080846	2.83637104	10.22244847
461	803	17.99494247	2.91050505	10.29658248
462	804	17.95646499	2.87202756	10.25810499
463	807	17.91680272	2.83236529	10.21844273
464	811	17.94150539	2.85706797	10.24314540
465	812	17.92692425	2.84248683	10.22856426
466	813	17.92618319	2.84174577	10.22782320
467	814	17.92848192	2.84404450	10.23012193
468	816	17.92953145	2.84509402	10.23117145
469	819	17.92020052	2.83576310	10.22184053
470	820	17.90822029	2.82378286	10.20986030
471	824	17.95239067	2.86795325	10.25403068
472	825	17.93268876	2.84825133	10.23432876
473	826	17.91158012	2.82714270	10.21322013
474	828	17.90371483	2.81927740	10.20535483
475	829	17.96848496	2.88404754	10.27012497
476	830	17.91377339	2.82933596	10.21541339
477	831	17.90527378	2.82083636	10.20691379
478	832	17.91096340	2.82652597	10.21260340
479	834	17.91913783	2.83470041	10.22077784
480	836	17.93320189	2.84876446	10.23484189
481	837	17.93491293	2.85047551	10.23655294
482	839	17.91147012	2.82703269	10.21311012
483	841	17.90805821	2.82362079	10.20969822
484	842	17.90796681	2.82352939	10.20960682
485	843	17.91138833	2.82695090	10.21302834
486	844	17.96938834	2.88495091	10.27102834
487	848	17.90461720	2.82017978	10.20625721
488	849	17.95991850	2.87548108	10.26155851
489	850	17.90498456	2.82054714	10.20662457
490	851	17.90397831	2.81954088	10.20561831
491	855	17.91803790	2.83360048	10.21967791
492	856	18.05261466	2.96817724	10.35425467
493	857	17.91884858	2.83441115	10.22048858
494	859	17.94685195	2.86241453	10.24849196
495	860	17.90740928	2.82297185	10.20904929
496	865	17.96326137	2.87882395	10.26490138
497	869	17.93619576	2.85175833	10.23783577
498	870	17.94627941	2.86184199	10.24791942
499	874	17.92582346	2.84138603	10.22746346
500	875	17.91439368	2.82995626	10.21603369
501	876	17.90990388	2.82546645	10.21154388
502	879	17.94344240	2.85900497	10.24508240
503	881	17.97331484	2.88887741	10.27495484
504	882	17.94611140	2.86167398	10.24775141
505	884	17.95552255	2.87108513	10.25716256
506	886	17.91281959	2.82838216	10.21445959
507	887	17.94722554	2.86278812	10.24886555
508	888	17.93443280	2.84999537	10.23607280
509	889	17.94073005	2.85629263	10.24237006
510	891	17.90860595	2.82416853	10.21024596
511	892	18.06439522	2.97995779	10.36603522
512	894	17.91057922	2.82614180	10.21221923
513	895	17.90394337	2.81950594	10.20558338
514	896	17.91303710	2.82859968	10.21467711
515	897	17.92113719	2.83669977	10.22277720
516	898	17.92431180	2.83987438	10.22595181
517	899	17.95904283	2.87460541	10.26068284
518	900	17.93541267	2.85097524	10.23705267
519	901	17.96652800	2.88209057	10.26816800
520	902	17.97213193	2.88769450	10.27377193
521	905	17.91805796	2.83362054	10.21969797
522	906	17.96929929	2.88486187	10.27093930
523	907	18.00308705	2.91864962	10.30472705
524	908	17.96373884	2.87930141	10.26537884
525	909	17.92062597	2.83618855	10.22226598
526	911	17.95218991	2.86775248	10.25382991
527	912	17.91892876	2.83449134	10.22056877
528	913	17.91748245	2.83304502	10.21912246
529	915	17.90924602	2.82480859	10.21088602
530	916	17.95368021	2.86924279	10.25532022
531	917	17.90712567	2.82268824	10.20876567
532	918	18.04385637	2.95941895	10.34549638
533	919	17.99864238	2.91420495	10.30028238
534	920	17.94396727	2.85952985	10.24560728
535	921	18.00772117	2.92328375	10.30936118
536	922	17.94910288	2.86466545	10.25074288
537	923	17.91693071	2.83249329	10.21857072
538	924	17.98009705	2.89565962	10.28173705
539	925	18.00610891	2.92167148	10.30774891
540	927	17.93916732	2.85472990	10.24080733
541	928	17.94765862	2.86322119	10.24929862
542	929	17.94428586	2.85984844	10.24592587
543	930	17.91651016	2.83207273	10.21815016
544	932	17.98154943	2.89711201	10.28318944
545	933	17.91764139	2.83320397	10.21928140
546	934	17.90410960	2.81967217	10.20574960
547	935	17.93076843	2.84633100	10.23240843
548	937	17.94760376	2.86316634	10.24924377
549	938	17.93913318	2.85469576	10.24077319
550	939	17.96075440	2.87631698	10.26239441
551	941	17.99584146	2.91140404	10.29748147
552	942	17.93483008	2.85039265	10.23647008
553	943	17.96085001	2.87641258	10.26249002
554	945	17.92153138	2.83709396	10.22317139
555	946	17.96335140	2.87891398	10.26499141
556	947	17.92628841	2.84185099	10.22792842
557	948	17.93806480	2.85362737	10.23970480
558	950	17.92492802	2.84049059	10.22656802
559	951	17.90632896	2.82189153	10.20796896
560	954	17.95470062	2.87026319	10.25634062
561	955	18.03978608	2.95534866	10.34142609
562	957	17.94453160	2.86009417	10.24617160
563	958	17.96968618	2.88524876	10.27132619
564	959	17.97135435	2.88691693	10.27299436
565	960	17.94684562	2.86240819	10.24848562
566	961	18.02341577	2.93897835	10.32505578
567	962	17.93838177	2.85394435	10.24002178
568	963	17.99230191	2.90786449	10.29394192
569	964	17.99716769	2.91273026	10.29880769
570	965	17.93564450	2.85120707	10.23728450
571	966	17.93849715	2.85405972	10.24013716
572	968	17.94063195	2.85619452	10.24227196
573	969	17.93261860	2.84818118	10.23425861
574	970	17.94098995	2.85655253	10.24262996
575	971	17.90914935	2.82471192	10.21078935
576	972	17.97355321	2.88911579	10.27519322
577	973	17.97252648	2.88808905	10.27416648
578	975	17.94046544	2.85602802	10.24210545
579	976	17.98092015	2.89648273	10.28256016
580	977	18.02378371	2.93934629	10.32542372
581	979	17.96022741	2.87578998	10.26186741
582	982	17.95713569	2.87269827	10.25877570
583	986	17.91367290	2.82923547	10.21531290
584	988	17.93490740	2.85046997	10.23654740
585	989	17.95293929	2.86850187	10.25457930
586	990	17.90592415	2.82148672	10.20756415
587	993	17.98557635	2.90113893	10.28721636
588	994	17.98179317	2.89735575	10.28343318
589	995	18.05082228	2.96638486	10.35246229
590	996	17.94118636	2.85674894	10.24282637
591	999	17.92825389	2.84381646	10.22989390
592	1000	17.98440533	2.89996791	10.28604534
593	1003	17.96014973	2.87571231	10.26178974
594	1005	18.15829300	3.07385558	10.45993301
595	1006	17.91451605	2.83007863	10.21615606
596	1012	17.93259931	2.84816189	10.23423932
597	1013	17.96394989	2.87951247	10.26558990
598	1014	18.08413466	2.99969724	10.38577467
599	1015	17.97392415	2.88948673	10.27556416
600	1019	18.00796684	2.92352941	10.30960684
601	1021	17.94576900	2.86133158	10.24740901
602	1022	17.91376666	2.82932924	10.21540667
603	1023	17.97743996	2.89300254	10.27907997
604	1024	18.11632747	3.03189004	10.41796748
605	1025	18.03502181	2.95058438	10.33666181
606	1026	17.93985816	2.85542073	10.24149816
607	1027	18.15524799	3.07081057	10.45688800
608	1029	17.98439177	2.89995434	10.28603177
609	1030	18.25771588	3.17327846	10.55935589
610	1031	17.97719909	2.89276166	10.27883909
611	1032	17.97654449	2.89210706	10.27818450
612	1034	17.97300093	2.88856350	10.27464093
613	1035	18.00251956	2.91808213	10.30415956
614	1036	18.13280784	3.04837042	10.43444785
615	1037	18.02443074	2.93999332	10.32607075
616	1038	18.02112803	2.93669061	10.32276804
617	1039	17.95882171	2.87438429	10.26046172
618	1040	18.04152868	2.95709126	10.34316869
619	1041	17.97519847	2.89076104	10.27683847
620	1042	17.95140497	2.86696754	10.25304497
621	1043	17.96579168	2.88135426	10.26743169
622	1044	18.16707848	3.08264105	10.46871849
623	1045	17.94935545	2.86491802	10.25099545
624	1046	18.02884244	2.94440501	10.33048244
625	1047	18.00302223	2.91858480	10.30466223
626	1048	17.95827418	2.87383676	10.25991419
627	1049	17.98441869	2.89998127	10.28605870
628	1050	18.04661581	2.96217838	10.34825582
629	1051	18.05430271	2.96986528	10.35594271
630	1054	17.96455725	2.88011983	10.26619726
631	1055	17.98103441	2.89659699	10.28267442
632	1056	17.93862082	2.85418340	10.24026083
633	1059	17.95829789	2.87386046	10.25993789
634	1061	18.03559268	2.95115526	10.33723269
635	1062	17.95238175	2.86794433	10.25402176
636	1064	17.94880036	2.86436293	10.25044036
637	1065	18.04961943	2.96518201	10.35125944
638	1066	17.95693827	2.87250084	10.25857827
639	1067	18.00557985	2.92114242	10.30721985
640	1071	17.98645006	2.90201264	10.28809007
641	1074	17.95813081	2.87369339	10.25977082
642	1076	17.94592217	2.86148474	10.24756217
643	1078	17.97052110	2.88608368	10.27216111
644	1079	17.99735969	2.91292226	10.29899969
645	1080	18.00006396	2.91562653	10.30170397
646	1081	18.00490276	2.92046534	10.30654277
647	1082	17.98292886	2.89849144	10.28456887
648	1083	17.96272602	2.87828860	10.26436603
649	1084	17.98240136	2.89796394	10.28404137
650	1085	17.93270083	2.84826341	10.23434084
651	1087	17.97873595	2.89429852	10.28037595
652	1089	17.94072320	2.85628578	10.24236321
653	1091	17.96879670	2.88435928	10.27043671
654	1092	17.97388710	2.88944967	10.27552710
655	1094	17.96885603	2.88441861	10.27049604
656	1095	18.18456529	3.10012786	10.48620529
657	1096	18.02793016	2.94349274	10.32957017
658	1098	18.02250202	2.93806460	10.32414203
659	1099	18.01722936	2.93279194	10.31886937
660	1100	18.04990316	2.96546574	10.35154317
661	1101	18.14998865	3.06555123	10.45162866
662	1103	17.96040771	2.87597029	10.26204772
663	1105	17.96339131	2.87895389	10.26503132
664	1107	18.06243595	2.97799852	10.36407595
665	1108	17.96991275	2.88547533	10.27155276
666	1109	18.01165539	2.92721797	10.31329540
667	1110	17.96625402	2.88181659	10.26789402
668	1111	17.95567367	2.87123625	10.25731368
669	1113	17.93104792	2.84661050	10.23268793
670	1114	17.92934515	2.84490773	10.23098516
671	1115	17.97551541	2.89107799	10.27715542
672	1117	17.92311972	2.83868230	10.22475973
673	1118	17.96022105	2.87578362	10.26186105
674	1119	17.99228915	2.90785173	10.29392916
675	1120	18.21517810	3.13074067	10.51681810
676	1121	18.18274739	3.09830996	10.48438739
677	1122	17.95199948	2.86756206	10.25363949
678	1124	17.95221153	2.86777411	10.25385154
679	1125	18.18069920	3.09626178	10.48233921
680	1127	17.92150478	2.83706735	10.22314478
681	1132	17.96113272	2.87669530	10.26277273
682	1133	17.94382701	2.85938959	10.24546702
683	1134	18.07263070	2.98819327	10.37427070
684	1136	18.04536068	2.96092326	10.34700069
685	1139	18.00110625	2.91666883	10.30274626
686	1142	18.06672337	2.98228594	10.36836337
687	1143	17.96829921	2.88386179	10.26993922
688	1144	17.95781460	2.87337718	10.25945461
689	1146	17.93939366	2.85495624	10.24103367
690	1150	18.00242142	2.91798400	10.30406143
691	1151	17.99172934	2.90729192	10.29336935
692	1152	18.00890243	2.92446500	10.31054244
693	1154	17.95530187	2.87086445	10.25694188
694	1158	18.04264193	2.95820451	10.34428194
695	1159	18.00100701	2.91656958	10.30264701
696	1161	17.98146539	2.89702796	10.28310539
697	1164	17.95630161	2.87186419	10.25794162
698	1165	18.06024615	2.97580872	10.36188615
699	1167	18.06110358	2.97666616	10.36274359
700	1168	17.96183449	2.87739706	10.26347449
701	1169	18.11494889	3.03051146	10.41658889
702	1171	18.04587126	2.96143384	10.34751127
703	1172	17.95152807	2.86709065	10.25316808
704	1173	18.08475143	3.00031401	10.38639144
705	1177	17.95919393	2.87475651	10.26083394
706	1178	17.98795465	2.90351723	10.28959466
707	1180	17.95648481	2.87204738	10.25812482
708	1182	17.94315577	2.85871834	10.24479577
709	1183	17.96193885	2.87750142	10.26357885
710	1184	18.07520553	2.99076811	10.37684554
711	1185	18.20127471	3.11683729	10.50291472
712	1186	17.94340779	2.85897036	10.24504780
713	1187	17.98552728	2.90108985	10.28716728
714	1189	18.02825836	2.94382094	10.32989837
715	1191	18.12010014	3.03566272	10.42174015
716	1192	18.03583863	2.95140120	10.33747863
717	1193	18.10624873	3.02181131	10.40788874
718	1194	18.05933383	2.97489640	10.36097383
719	1195	17.94329483	2.85885741	10.24493484
720	1196	17.98283780	2.89840038	10.28447781
721	1197	17.94988504	2.86544762	10.25152505
722	1199	17.92992968	2.84549225	10.23156968
723	1201	17.92812114	2.84368372	10.22976115
724	1202	17.94419621	2.85975879	10.24583622
725	1206	17.90761994	2.82318252	10.20925995
726	1211	17.95735084	2.87291342	10.25899085
727	1212	17.95414397	2.86970655	10.25578398
728	1216	17.93900305	2.85456563	10.24064306
729	1218	17.93141868	2.84698126	10.23305869
730	1219	17.98090632	2.89646889	10.28254632
731	1225	17.93032021	2.84588278	10.23196021
732	1227	17.93529936	2.85086194	10.23693937
733	1228	17.94367254	2.85923511	10.24531254
734	1230	17.93137944	2.84694201	10.23301944
735	1236	17.92911948	2.84468206	10.23075949
736	1237	17.90437047	2.81993304	10.20601047
737	1242	17.93153925	2.84710183	10.23317926
738	1243	17.94858123	2.86414380	10.25022123
739	1244	17.98022611	2.89578869	10.28186612
740	1245	17.95697774	2.87254032	10.25861775
741	1248	17.94498771	2.86055028	10.24662771
742	1249	17.94767003	2.86323260	10.24931003
743	1250	17.91687165	2.83243422	10.21851165
744	1251	17.92961969	2.84518226	10.23125969
745	1252	18.09017186	3.00573444	10.39181187
746	1253	17.98013064	2.89569322	10.28177065
747	1255	17.91163474	2.82719731	10.21327474
748	1257	17.93282833	2.84839091	10.23446834
749	1260	17.97092284	2.88648542	10.27256285
750	1262	17.91839742	2.83396000	10.22003743
751	1264	17.95692448	2.87248706	10.25856449
752	1265	17.95365529	2.86921787	10.25529530
753	1267	17.99791472	2.91347730	10.29955473
754	1271	17.94065857	2.85622114	10.24229857
755	1273	17.94306305	2.85862563	10.24470306
756	1275	17.95974429	2.87530687	10.26138430
757	1276	17.93716127	2.85272385	10.23880128
758	1279	17.93486324	2.85042582	10.23650325
759	1282	17.92851791	2.84408049	10.23015792
760	1284	17.93561353	2.85117610	10.23725353
761	1285	17.91921353	2.83477611	10.22085354
762	1286	17.95074758	2.86631016	10.25238759
763	1288	17.91653345	2.83209602	10.21817346
764	1291	17.92555397	2.84111654	10.22719397
765	1292	17.92160045	2.83716302	10.22324045
766	1293	17.91006302	2.82562559	10.21170303
767	1294	17.91936834	2.83493092	10.22100835
768	1297	17.90238768	2.81795025	10.20402768
769	1298	17.90164662	2.81720920	10.20328663
770	1299	17.90676661	2.82232918	10.20840661
771	1300	17.92809395	2.84365653	10.22973396
772	1302	17.91818665	2.83374922	10.21982665
773	1303	17.92712042	2.84268299	10.22876043
774	1304	17.94084371	2.85640629	10.24248372
775	1305	17.94261589	2.85817846	10.24425589
776	1306	17.96818185	2.88374442	10.26982185
777	1311	17.91320615	2.82876873	10.21484616
778	1312	17.95639935	2.87196193	10.25803936
779	1313	17.94245842	2.85802100	10.24409843
780	1314	18.01435881	2.92992138	10.31599882
781	1316	17.93088063	2.84644321	10.23252064
782	1317	17.91667496	2.83223753	10.21831496
783	1318	17.91075826	2.82632083	10.21239826
784	1320	17.90951619	2.82507876	10.21115620
785	1321	17.94196616	2.85752873	10.24360617
786	1322	17.97108834	2.88665092	10.27272835
787	1329	17.98318194	2.89874452	10.28482195
788	1330	18.00237790	2.91794048	10.30401791
789	1331	17.97440224	2.88996482	10.27604225
790	1332	17.97347143	2.88903400	10.27511143
791	1333	17.94697415	2.86253672	10.24861416
792	1334	17.98143589	2.89699847	10.28307590
793	1336	17.93183122	2.84739379	10.23347123
794	1337	17.95278481	2.86834739	10.25442482
795	1339	17.96878893	2.88435150	10.27042893
796	1341	18.06877965	2.98434223	10.37041966
797	1342	17.90237309	2.81793567	10.20401310
798	1343	17.94838053	2.86394310	10.25002053
799	1344	17.95943020	2.87499278	10.26107021
800	1347	17.90522023	2.82078281	10.20686024
801	1348	17.94341227	2.85897484	10.24505228
802	1349	17.92480587	2.84036844	10.22644588
803	1352	17.92664365	2.84220623	10.22828366
804	1354	17.92834819	2.84391076	10.22998819
805	1355	17.95860055	2.87416313	10.26024056
806	1359	17.93218031	2.84774288	10.23382031
807	1362	18.02658019	2.94214276	10.32822019
808	1364	17.98057253	2.89613511	10.28221254
809	1368	17.94192495	2.85748753	10.24356496
810	1370	18.00733362	2.92289619	10.30897362
811	1371	17.92941464	2.84497721	10.23105464
812	1372	18.04035572	2.95591830	10.34199573
813	1373	17.99900035	2.91456293	10.30064036
814	1374	17.94681051	2.86237309	10.24845052
815	1375	17.93313430	2.84869687	10.23477430
816	1376	17.92888351	2.84444608	10.23052351
817	1377	17.93587636	2.85143894	10.23751637
818	1378	17.95380903	2.86937161	10.25544904
819	1379	17.93516034	2.85072292	10.23680035
820	1380	17.96927492	2.88483750	10.27091493
821	1381	17.97765679	2.89321937	10.27929680
822	1382	17.97104939	2.88661197	10.27268940
823	1384	17.94746802	2.86303060	10.24910803
824	1385	17.91812643	2.83368901	10.21976644
825	1389	17.95563063	2.87119320	10.25727063
826	1393	17.98202803	2.89759060	10.28366803
827	1394	18.00824771	2.92381028	10.30988771
828	1395	17.97549551	2.89105808	10.27713551
829	1396	18.07008885	2.98565143	10.37172886
830	1397	17.90410001	2.81966258	10.20574001
831	1401	18.11718274	3.03274531	10.41882274
832	1402	17.98549385	2.90105642	10.28713386
833	1406	17.97163253	2.88719511	10.27327254
834	1408	18.03493258	2.95049515	10.33657258
835	1409	17.97975750	2.89532008	10.28139751
836	1410	17.92881105	2.84437363	10.23045106
837	1413	17.97527970	2.89084228	10.27691971
838	1414	17.96574065	2.88130323	10.26738066
839	1415	17.97417573	2.88973830	10.27581573
840	1416	17.91061059	2.82617317	10.21225060
841	1419	18.09496423	3.01052681	10.39660424
842	1420	17.97371479	2.88927737	10.27535480
843	1421	17.91582764	2.83139022	10.21746765
844	1429	17.91388087	2.82944344	10.21552087
845	1430	17.91913748	2.83470006	10.22077749
846	1431	17.93398731	2.84954989	10.23562732
847	1432	17.91932876	2.83489133	10.22096876
848	1433	17.96565133	2.88121390	10.26729133
849	1435	17.96051861	2.87608118	10.26215861
850	1436	17.98149265	2.89705523	10.28313266
851	1437	17.98061280	2.89617538	10.28225281
852	1438	18.00719627	2.92275884	10.30883627
853	1439	17.98291736	2.89847994	10.28455737
854	1441	18.03724899	2.95281156	10.33888899
855	1442	18.00175436	2.91731694	10.30339437
856	1443	17.94371292	2.85927550	10.24535293
857	1445	17.96542721	2.88098978	10.26706721
858	1448	17.99123421	2.90679678	10.29287421
859	1449	17.95041275	2.86597533	10.25205276
860	1453	18.24285747	3.15842005	10.54449748
861	1455	17.92990452	2.84546709	10.23154452
862	1456	17.96008618	2.87564876	10.26172619
863	1458	17.94835395	2.86391653	10.24999396
864	1459	17.99197179	2.90753436	10.29361179
865	1460	17.99952196	2.91508454	10.30116197
866	1461	18.13972642	3.05528900	10.44136643
867	1462	18.01069965	2.92626222	10.31233965
868	1464	17.97180440	2.88736697	10.27344440
869	1465	17.97728407	2.89284664	10.27892407
870	1466	17.96874351	2.88430609	10.27038352
871	1467	17.91068194	2.82624452	10.21232195
872	1469	17.96944728	2.88500986	10.27108729
873	1470	18.06285441	2.97841699	10.36449442
874	1471	17.95334644	2.86890902	10.25498645
875	1472	17.97064671	2.88620929	10.27228672
876	1473	17.95740655	2.87296912	10.25904655
877	1478	18.13174977	3.04731234	10.43338977
878	1479	17.99364910	2.90921167	10.29528910
879	1480	17.97128585	2.88684843	10.27292586
880	1485	17.92988283	2.84544541	10.23152284
881	1487	18.02891370	2.94447628	10.33055371
882	1488	17.94602294	2.86158551	10.24766294
883	1489	18.44384027	3.35940285	10.74548028
884	1493	17.99519197	2.91075455	10.29683198
885	1494	17.94809207	2.86365464	10.24973207
886	1496	17.95638822	2.87195079	10.25802822
887	1497	17.98738763	2.90295020	10.28902763
888	1499	17.99150547	2.90706804	10.29314547
889	1500	17.99288005	2.90844262	10.29452006
890	1502	18.05268531	2.96824789	10.35432532
891	1505	17.95314407	2.86870665	10.25478408
892	1508	17.99290743	2.90847000	10.29454743
893	1514	17.93813883	2.85370141	10.23977884
894	1515	17.96509009	2.88065267	10.26673010
895	1516	18.00039360	2.91595617	10.30203360
896	1517	17.95967471	2.87523729	10.26131472
897	1519	17.92368443	2.83924701	10.22532444
898	1521	17.98016102	2.89572360	10.28180103
899	1523	17.93338177	2.84894435	10.23502178
900	1524	18.00304874	2.91861132	10.30468875
901	1525	17.96729312	2.88285569	10.26893312
902	1527	18.15612577	3.07168835	10.45776578
903	1528	17.97391660	2.88947917	10.27555660
904	1529	17.98669428	2.90225686	10.28833429
905	1530	18.41540739	3.33096997	10.71704740
906	1532	18.11986656	3.03542913	10.42150657
907	1534	17.99630182	2.91186440	10.29794183
908	1535	17.98748891	2.90305149	10.28912892
909	1537	18.02971109	2.94527367	10.33135110
910	1538	17.95364078	2.86920335	10.25528078
911	1539	17.93211263	2.84767521	10.23375264
912	1541	18.03513807	2.95070065	10.33677808
913	1542	17.95760742	2.87317000	10.25924743
914	1544	18.00803360	2.92359618	10.30967361
915	1547	17.96103240	2.87659498	10.26267241
916	1548	18.00991203	2.92547461	10.31155204
917	1550	18.04599351	2.96155609	10.34763352
918	1551	17.99940040	2.91496298	10.30104041
919	1556	18.15634227	3.07190485	10.45798228
920	1557	18.06195508	2.97751766	10.36359509
921	1558	18.00288989	2.91845247	10.30452990
922	1559	17.99859173	2.91415430	10.30023173
923	1561	18.05254965	2.96811223	10.35418966
924	1562	17.96162890	2.87719148	10.26326891
925	1564	17.97972608	2.89528866	10.28136609
926	1566	17.92832881	2.84389138	10.22996881
927	1567	17.95176051	2.86732309	10.25340052
928	1568	18.01143650	2.92699907	10.31307650
929	1569	17.93093442	2.84649700	10.23257443
930	1570	18.03589947	2.95146204	10.33753947
931	1571	17.96429825	2.87986083	10.26593826
932	1572	17.96342507	2.87898765	10.26506508
933	1575	17.98039284	2.89595542	10.28203285
934	1576	18.08267049	2.99823307	10.38431050
935	1578	17.97270793	2.88827050	10.27434793
936	1581	18.25744115	3.17300373	10.55908116
937	1584	18.23125419	3.14681676	10.53289420
938	1585	18.08447369	3.00003627	10.38611370
939	1586	18.00084199	2.91640457	10.30248200
940	1587	17.97065422	2.88621680	10.27229423
941	1589	18.17391154	3.08947411	10.47555154
942	1590	18.02328447	2.93884705	10.32492448
943	1591	18.07488818	2.99045075	10.37652818
944	1592	18.02708651	2.94264909	10.32872652
945	1593	18.00118357	2.91674614	10.30282357
946	1594	18.01420045	2.92976303	10.31584046
947	271	19.10243023	4.01799280	11.40407023
948	272	20.32138860	5.23695118	12.62302861
949	275	18.31998624	3.23554881	10.62162624
950	277	18.88012720	3.79568978	11.18176721
951	278	19.34765604	4.26321862	11.64929605
952	279	18.86738467	3.78294725	11.16902468
953	280	20.08065699	4.99621957	12.38229700
954	285	19.17450580	4.09006838	11.47614581
955	286	19.34765604	4.26321862	11.64929605
956	301	20.32138860	5.23695118	12.62302861
957	306	18.88012720	3.79568978	11.18176721
958	308	19.34765604	4.26321862	11.64929605
959	309	18.86738467	3.78294725	11.16902468
960	315	19.17450580	4.09006838	11.47614581
961	316	19.34765604	4.26321862	11.64929605
962	332	19.71539944	4.63096202	12.01703945
963	337	19.88190232	4.79746489	12.18354232
964	338	19.88190232	4.79746489	12.18354232
965	343	19.45281904	4.36838161	11.75445905
966	344	19.71539944	4.63096202	12.01703945
967	345	20.08065699	4.99621957	12.38229700
968	346	20.32138860	5.23695118	12.62302861
969	348	19.71539944	4.63096202	12.01703945
970	351	19.71539944	4.63096202	12.01703945
971	354	19.71539944	4.63096202	12.01703945
972	355	19.25564895	4.17121153	11.55728896
973	356	19.45281904	4.36838161	11.75445905
974	359	20.61774131	5.53330388	12.91938131
975	361	20.61774131	5.53330388	12.91938131
976	362	20.32138860	5.23695118	12.62302861
977	363	20.32138860	5.23695118	12.62302861
978	364	20.32138860	5.23695118	12.62302861
979	365	19.88190232	4.79746489	12.18354232
980	368	20.08065699	4.99621957	12.38229700
981	369	20.08065699	4.99621957	12.38229700
982	370	20.32138860	5.23695118	12.62302861
983	372	20.08065699	4.99621957	12.38229700
984	373	20.08065699	4.99621957	12.38229700
985	374	19.88190232	4.79746489	12.18354232
986	376	20.08065699	4.99621957	12.38229700
987	378	20.08065699	4.99621957	12.38229700
988	379	20.32138860	5.23695118	12.62302861
989	381	20.61774131	5.53330388	12.91938131
990	382	19.57410267	4.48966525	11.87574268
991	383	20.61774131	5.53330388	12.91938131
992	384	20.32138860	5.23695118	12.62302861
993	386	19.55660523	4.47216781	11.85824524
994	388	19.45281904	4.36838161	11.75445905
995	390	19.71539944	4.63096202	12.01703945
996	392	20.32138860	5.23695118	12.62302861
997	393	19.34765604	4.26321862	11.64929605
998	394	20.08065699	4.99621957	12.38229700
999	395	20.32138860	5.23695118	12.62302861
1000	396	18.72215537	3.63771795	11.02379538
1001	747	17.90464301	2.82020558	10.20628301
1002	759	17.91202843	2.82759100	10.21366843
1003	809	17.98591487	2.90147745	10.28755488
1004	1072	18.00753004	2.92309261	10.30917004
1005	1203	17.96269896	2.87826154	10.26433897
1006	1213	17.92483396	2.84039654	10.22647397
1007	1217	17.96100192	2.87656449	10.26264193
1008	1224	17.94617741	2.86173998	10.24781741
1009	1232	17.99901237	2.91457494	10.30065238
1010	1233	17.94502807	2.86059065	10.24666808
1011	1234	17.94942716	2.86498974	10.25106717
1012	1239	17.96612528	2.88168786	10.26776529
1013	1353	18.05296823	2.96853081	10.35460824
1014	1367	17.94896324	2.86452582	10.25060325
1015	1369	17.91581559	2.83137817	10.21745560
1016	1388	17.97080836	2.88637094	10.27244837
1017	1507	17.99000109	2.90556367	10.29164110
1018	1510	18.00875363	2.92431621	10.31039364
1019	1518	17.95118899	2.86675157	10.25282900
1020	1520	18.07857671	2.99413928	10.38021671
1021	1522	17.99480234	2.91036491	10.29644234
1022	1545	17.98672951	2.90229208	10.28836951
1023	1598	18.70320491	3.61876748	11.00484491
