"post","date","share","like","emo","comment","brand"
2,"2016-12-14",16,1541,59,20,"A"
3,"2016-12-11",44,1661,69,24,"A"
6,"2016-12-03",6,1278,31,19,"A"
7,"2016-12-02",36,2581,86,55,"A"
8,"2016-11-30",14,1548,51,24,"A"
9,"2016-11-27",32,2632,108,38,"A"
12,"2016-11-24",217,2076,116,164,"A"
13,"2016-11-22",55,2405,84,48,"A"
14,"2016-11-22",11,643,20,15,"A"
16,"2016-11-21",19,772,24,13,"A"
17,"2016-11-19",12,730,27,16,"A"
19,"2016-11-18",7,452,13,9,"A"
20,"2016-11-17",16,608,22,9,"A"
21,"2016-11-17",9030,37648,4604,1191,"A"
22,"2016-11-06",42,1507,66,43,"A"
23,"2016-11-05",41,1691,70,31,"A"
24,"2016-11-04",415,8089,635,202,"A"
25,"2016-11-04",1389,2797,270,164,"A"
26,"2016-11-03",48,752,41,16,"A"
27,"2016-11-02",26,520,22,14,"A"
29,"2016-10-31",105,2653,226,114,"A"
30,"2016-10-29",63,1376,99,25,"A"
31,"2016-10-28",9,797,27,14,"A"
32,"2016-10-25",53,1175,41,27,"A"
33,"2016-10-23",47,924,40,15,"A"
34,"2016-10-22",20,968,30,18,"A"
36,"2016-10-20",13,932,35,16,"A"
38,"2016-10-17",16,945,34,16,"A"
40,"2016-10-17",58,3419,125,37,"A"
41,"2016-10-17",17418,65893,10067,1975,"A"
44,"2016-10-10",28,1258,36,23,"A"
46,"2016-10-07",55,808,40,12,"A"
47,"2016-10-04",39,616,22,20,"A"
51,"2016-09-21",871,3773,407,212,"A"
53,"2016-09-17",23,700,30,20,"A"
54,"2016-09-16",23,560,16,10,"A"
55,"2016-09-14",274,3032,430,1067,"A"
58,"2016-09-10",229,1741,89,47,"A"
59,"2016-09-10",126,4833,278,113,"A"
62,"2016-09-09",8,434,19,8,"A"
65,"2016-09-08",32,550,24,10,"A"
68,"2016-09-02",81,732,30,15,"A"
69,"2016-09-01",66,894,40,19,"A"
70,"2016-08-31",28,705,21,23,"A"
74,"2016-08-19",14,847,18,30,"A"
76,"2016-08-16",14,416,15,15,"A"
77,"2016-08-16",33,449,32,41,"A"
79,"2016-08-15",13,341,10,5,"A"
80,"2016-08-15",35,734,32,10,"A"
81,"2016-08-14",10,475,22,4,"A"
83,"2016-08-13",8,361,9,2,"A"
91,"2016-08-11",7,275,11,4,"A"
95,"2016-08-07",7,414,15,11,"A"
97,"2016-08-06",7,348,18,5,"A"
99,"2016-08-06",7,326,20,1,"A"
100,"2016-08-06",12,331,20,4,"A"
102,"2016-08-06",6,270,15,3,"A"
103,"2016-08-05",7,644,24,9,"A"
104,"2016-07-22",322,1078,62,108,"A"
105,"2016-07-22",13,601,15,31,"A"
107,"2016-07-21",16,604,21,18,"A"
108,"2016-07-19",20,559,23,16,"A"
111,"2016-07-14",504,1356,80,114,"A"
112,"2016-07-14",253,616,54,35,"A"
114,"2016-07-12",65,700,33,21,"A"
116,"2016-07-11",21,513,34,4,"A"
118,"2016-07-02",27,596,21,19,"A"
119,"2016-06-30",91,503,43,27,"A"
121,"2016-06-28",79,396,16,18,"A"
123,"2016-06-22",50,737,36,73,"A"
125,"2016-06-13",42,554,22,25,"A"
127,"2016-06-10",26,504,18,40,"A"
128,"2016-06-09",35,441,9,13,"A"
129,"2016-06-08",82,952,79,76,"A"
131,"2016-06-05",19,280,10,18,"A"
132,"2016-06-05",14,407,17,13,"A"
133,"2016-06-02",29,370,13,20,"A"
134,"2016-05-30",53,385,33,19,"A"
135,"2016-05-28",698,988,120,31,"A"
136,"2016-05-27",37,312,12,11,"A"
137,"2016-05-22",35,402,12,27,"A"
140,"2016-05-14",1151,1728,132,125,"A"
144,"2016-04-28",25,1082,18,25,"A"
145,"2016-04-27",36,547,32,29,"A"
147,"2016-04-16",105,734,44,55,"A"
148,"2016-04-15",19,453,21,26,"A"
149,"2016-04-09",155,817,33,56,"A"
150,"2016-04-06",19,899,18,17,"A"
151,"2016-04-02",36,706,25,29,"A"
152,"2016-04-01",33,373,10,13,"A"
153,"2016-03-28",44,378,15,20,"A"
154,"2016-03-27",830,2609,185,705,"A"
155,"2016-03-25",24,694,25,25,"A"
156,"2016-03-23",75,491,31,37,"A"
157,"2016-03-16",200,4078,60,108,"A"
158,"2016-03-10",53,1004,32,89,"A"
160,"2016-02-14",1766,14145,211,1673,"A"
161,"2016-02-10",95,240,25,30,"A"
162,"2016-02-10",377,800,22,55,"A"
163,"2016-02-05",10,693,7,13,"A"
164,"2016-02-02",10,424,5,15,"A"
165,"2016-01-31",27,641,2,13,"A"
167,"2016-01-19",439,1034,15,172,"A"
168,"2016-01-12",582,8735,63,263,"A"
170,"2016-01-11",136,2352,15,59,"A"
171,"2015-12-31",193,1112,3,54,"A"
172,"2015-12-25",93,372,3,19,"A"
174,"2015-12-09",19,589,1,59,"A"
175,"2015-12-08",104,1835,7,74,"A"
177,"2015-11-23",36,764,5,59,"A"
179,"2015-11-06",23,871,1,83,"A"
181,"2015-11-05",134,464,10,30,"A"
185,"2015-10-31",21,770,2,27,"A"
186,"2015-10-28",21,660,2,52,"A"
189,"2015-10-21",247,793,1,45,"A"
190,"2015-10-20",115,670,1,26,"A"
191,"2015-10-18",28,987,3,33,"A"
192,"2015-10-12",47,1729,3,51,"A"
194,"2015-10-07",408,1361,5,66,"A"
197,"2015-09-27",27,738,4,59,"A"
199,"2015-09-23",2158,1769,1,80,"A"
201,"2016-12-14",181,9514,752,153,"A"
203,"2016-12-01",239,3265,825,11076,"A"
207,"2016-11-09",51,2790,102,63,"A"
208,"2016-11-04",185,8259,475,138,"A"
210,"2015-12-29",142,7376,43,101,"A"
211,"2015-12-28",31,931,5,61,"A"
212,"2015-12-27",337,5120,54,219,"A"
213,"2015-12-22",144,2251,30,107,"A"
214,"2015-12-22",125,2487,23,74,"A"
217,"2015-12-17",162,2055,17,88,"A"
218,"2015-12-17",26,388,2,10,"A"
220,"2015-12-17",20,631,0,27,"A"
224,"2015-12-12",125,1975,14,89,"A"
226,"2015-12-12",121,1544,17,40,"A"
227,"2015-12-12",22,1294,0,11,"A"
228,"2015-12-11",578,14100,305,196,"A"
229,"2015-12-11",42,1487,2,20,"A"
230,"2015-12-11",29,1626,2,11,"A"
231,"2014-12-31",28,2664,0,10,"A"
232,"2014-12-31",144,11405,2,50,"A"
234,"2014-12-30",403,19258,2,114,"A"
236,"2014-12-29",76,6264,0,39,"A"
238,"2014-12-28",222,11619,0,77,"A"
240,"2014-12-26",54,4181,0,14,"A"
242,"2014-12-25",171,9197,0,63,"A"
243,"2014-12-24",461,16106,0,121,"A"
245,"2014-12-23",124,6476,1,25,"A"
246,"2014-12-23",172,9722,0,40,"A"
247,"2014-12-23",1238,18505,1,341,"A"
248,"2014-12-22",132,8426,3,68,"A"
249,"2014-12-22",85,7585,1,23,"A"
250,"2014-12-22",43,1418,0,10,"A"
251,"2013-12-31",47,2158,0,84,"A"
252,"2013-12-28",139,4308,0,66,"A"
253,"2011-12-30",109,1410,0,77,"A"
255,"2011-12-28",2,41,0,9,"A"
256,"2011-12-28",5,41,0,1,"A"
259,"2011-12-28",1,46,0,0,"A"
261,"2011-12-28",4,39,0,0,"A"
262,"2011-12-28",1,19,0,3,"A"
263,"2011-12-28",1,20,0,0,"A"
265,"2011-12-28",2,17,0,0,"A"
266,"2011-12-28",3,15,0,0,"A"
267,"2011-12-28",3,20,0,0,"A"
268,"2011-12-28",2,22,0,14,"A"
271,"2011-12-28",0,11,0,0,"A"
272,"2011-12-28",0,2,0,0,"A"
273,"2011-12-28",1,16,0,0,"A"
275,"2011-12-28",0,28,0,3,"A"
277,"2011-12-28",0,15,0,0,"A"
278,"2011-12-28",0,8,0,0,"A"
279,"2011-12-28",0,11,0,1,"A"
280,"2011-12-28",0,3,0,0,"A"
281,"2011-12-28",1,14,0,0,"A"
283,"2011-12-28",2,20,0,1,"A"
284,"2011-12-28",2,6,0,0,"A"
285,"2011-12-28",0,10,0,0,"A"
286,"2011-12-28",0,8,0,0,"A"
289,"2011-12-28",1,32,0,1,"A"
290,"2011-12-28",5,58,0,23,"A"
291,"2011-12-28",2,42,0,1,"A"
294,"2011-12-27",122,669,0,65,"A"
295,"2011-12-27",86,779,0,63,"A"
301,"2011-12-23",0,2,0,0,"A"
302,"2011-12-23",1,16,0,0,"A"
306,"2011-12-23",0,15,0,0,"A"
308,"2011-12-23",0,8,0,0,"A"
309,"2011-12-23",0,11,0,1,"A"
310,"2011-12-23",1,14,0,0,"A"
312,"2011-12-23",2,20,0,1,"A"
313,"2011-12-23",2,6,0,0,"A"
315,"2011-12-23",0,10,0,0,"A"
316,"2011-12-23",0,8,0,0,"A"
318,"2011-12-23",1,32,0,1,"A"
320,"2011-12-23",2,42,0,1,"A"
322,"2011-12-23",1248,6615,0,373,"A"
325,"2011-12-21",41,556,0,26,"A"
326,"2011-12-21",41,583,0,33,"A"
327,"2011-12-21",123,966,0,97,"A"
328,"2011-12-21",104,1865,0,150,"A"
329,"2011-12-20",1,1500,0,51,"A"
331,"2011-12-20",1,12,0,1,"A"
332,"2011-12-20",0,5,0,0,"A"
337,"2011-12-20",0,4,0,0,"A"
338,"2011-12-20",0,4,0,0,"A"
341,"2011-12-20",1,26,0,3,"A"
343,"2011-12-20",0,7,0,0,"A"
344,"2011-12-20",0,5,0,0,"A"
345,"2011-12-20",0,3,0,0,"A"
346,"2011-12-20",0,2,0,0,"A"
347,"2011-12-20",1,3,0,0,"A"
348,"2011-12-20",0,5,0,0,"A"
349,"2011-12-20",2,3,0,0,"A"
350,"2011-12-20",3,18,0,0,"A"
351,"2011-12-20",0,5,0,0,"A"
352,"2011-12-20",1,15,0,0,"A"
354,"2011-12-20",0,5,0,0,"A"
355,"2011-12-20",0,9,0,0,"A"
356,"2011-12-20",0,7,0,0,"A"
357,"2011-12-20",12,88,0,5,"A"
358,"2011-12-20",1,49,0,1,"A"
359,"2011-12-19",0,1,0,0,"A"
361,"2011-12-19",0,1,0,0,"A"
362,"2011-12-19",0,2,0,0,"A"
363,"2011-12-19",0,2,0,0,"A"
364,"2011-12-19",0,2,0,0,"A"
365,"2011-12-19",0,4,0,0,"A"
368,"2011-12-19",0,3,0,0,"A"
369,"2011-12-19",0,3,0,0,"A"
370,"2011-12-19",0,2,0,0,"A"
372,"2011-12-19",0,3,0,0,"A"
373,"2011-12-19",0,3,0,0,"A"
374,"2011-12-19",0,4,0,0,"A"
376,"2011-12-19",0,3,0,0,"A"
378,"2011-12-19",0,3,0,0,"A"
379,"2011-12-19",0,2,0,0,"A"
381,"2011-12-19",0,1,0,0,"A"
382,"2011-12-19",0,6,0,0,"A"
383,"2011-12-19",0,1,0,0,"A"
384,"2011-12-19",0,2,0,0,"A"
385,"2011-12-19",3,19,0,0,"A"
386,"2011-12-19",0,2,0,1,"A"
388,"2011-12-19",0,7,0,0,"A"
390,"2011-12-19",0,5,0,0,"A"
392,"2011-12-19",0,2,0,0,"A"
393,"2011-12-19",0,8,0,0,"A"
394,"2011-12-19",0,3,0,0,"A"
395,"2011-12-19",0,2,0,0,"A"
396,"2011-12-19",0,4,0,3,"A"
397,"2011-12-19",1,25,0,0,"A"
400,"2016-12-13",9,68,5,4,"N"
401,"2016-09-01",99,5787,249,213,"N"
404,"2015-11-13",35,377,0,14,"N"
405,"2015-11-11",35,395,0,13,"N"
406,"2015-11-09",28,246,0,8,"N"
407,"2015-11-07",20,211,0,6,"N"
408,"2015-11-05",10,148,0,4,"N"
409,"2015-11-05",17,290,0,10,"N"
410,"2014-12-31",24,1083,0,21,"N"
411,"2014-12-23",95,2832,1,44,"N"
415,"2014-12-16",100,2509,0,45,"N"
417,"2014-12-09",69,2297,0,36,"N"
419,"2014-12-02",149,3272,1,71,"N"
420,"2014-11-26",124,1097,5,50,"N"
421,"2014-11-25",9,49,0,2,"N"
422,"2014-11-22",88,2805,1,22,"N"
425,"2014-11-14",32,994,0,12,"N"
426,"2014-11-12",165,2931,0,39,"N"
429,"2014-11-06",15,781,0,13,"N"
430,"2014-11-05",11,38,0,0,"N"
431,"2014-11-04",38,757,1,21,"N"
432,"2014-11-01",82,2581,0,30,"N"
433,"2014-10-28",64,2614,3,32,"N"
434,"2014-10-27",175,3998,2,81,"N"
436,"2014-10-24",42,54,0,6,"N"
438,"2014-10-21",106,3333,0,38,"N"
439,"2014-10-16",17,76,0,0,"N"
440,"2014-10-15",98,2989,0,40,"N"
441,"2014-10-08",137,2513,0,63,"N"
442,"2014-10-05",31,1306,1,20,"N"
443,"2014-10-03",213,334,0,12,"N"
444,"2014-10-02",159,868,0,32,"N"
445,"2014-10-01",138,2770,0,42,"N"
447,"2014-09-27",195,4662,4,70,"N"
448,"2014-09-26",22,62,0,2,"N"
449,"2014-09-25",62,1762,0,44,"N"
452,"2014-09-17",183,4269,5,122,"N"
453,"2014-09-16",6,443,0,7,"N"
454,"2014-09-13",101,2512,0,26,"N"
456,"2014-09-09",58,2493,0,31,"N"
462,"2014-08-26",14,58,0,0,"N"
463,"2014-08-25",80,2099,1,33,"N"
467,"2014-08-20",28,125,0,4,"N"
469,"2014-08-16",128,3051,0,52,"N"
470,"2014-08-16",23,375,0,4,"N"
471,"2014-08-14",58,267,0,15,"N"
472,"2014-08-13",156,3755,1,47,"N"
474,"2014-08-07",124,3391,1,46,"N"
476,"2014-08-05",165,3588,0,50,"N"
477,"2014-08-04",88,2500,0,30,"N"
479,"2014-08-01",96,3016,0,24,"N"
480,"2014-07-31",169,3555,1,74,"N"
483,"2014-07-24",128,2077,2,33,"N"
484,"2014-07-23",63,169,0,8,"N"
485,"2014-07-22",104,3115,1,31,"N"
486,"2014-07-21",158,3302,2,32,"N"
487,"2014-07-19",8,44,0,3,"N"
488,"2014-07-18",29,102,0,2,"N"
489,"2014-07-17",21,97,0,1,"N"
490,"2014-07-16",72,1666,2,50,"N"
491,"2014-07-15",40,692,0,12,"N"
492,"2014-07-12",102,2348,1,27,"N"
494,"2014-07-08",57,1715,0,34,"N"
495,"2014-07-07",115,1815,0,27,"N"
496,"2014-07-03",131,2194,0,39,"N"
498,"2014-07-02",113,3029,1,31,"N"
500,"2014-07-01",203,3003,2,53,"N"
502,"2014-06-29",163,138,0,7,"N"
503,"2014-06-28",163,182,0,3,"N"
504,"2014-06-27",90,732,0,22,"N"
505,"2014-06-25",41,1358,0,11,"N"
507,"2014-06-23",36,1293,0,12,"N"
509,"2014-06-19",144,2489,0,32,"N"
511,"2014-06-13",21,691,0,6,"N"
512,"2014-06-12",21,1010,0,10,"N"
514,"2014-06-10",228,5684,0,65,"N"
515,"2014-06-09",60,1100,0,18,"N"
516,"2014-06-08",16,1153,0,14,"N"
518,"2014-06-05",39,1715,0,22,"N"
519,"2014-06-04",178,4425,0,56,"N"
521,"2014-05-31",252,3762,0,54,"N"
523,"2014-05-28",240,4988,2,72,"N"
524,"2014-05-26",15,35,0,0,"N"
525,"2014-05-25",31,210,0,4,"N"
527,"2014-05-23",152,2915,0,48,"N"
529,"2014-05-22",113,2571,0,20,"N"
531,"2014-05-20",354,8141,2,112,"N"
532,"2014-05-19",49,1170,0,22,"N"
533,"2014-05-18",93,2204,0,24,"N"
534,"2014-05-17",168,1345,0,92,"N"
535,"2014-05-15",9,31,0,2,"N"
536,"2014-05-13",111,158,0,4,"N"
538,"2014-05-10",188,5111,1,72,"N"
540,"2014-05-08",12,132,0,4,"N"
541,"2014-05-05",77,2311,0,24,"N"
542,"2014-05-03",231,5010,0,56,"N"
543,"2014-05-02",183,4068,0,56,"N"
544,"2014-05-01",102,60,0,0,"N"
545,"2014-04-24",281,4693,2,96,"N"
546,"2014-04-23",102,94,0,3,"N"
547,"2014-04-22",19,943,0,9,"N"
548,"2014-04-21",161,671,0,23,"N"
549,"2014-04-20",6,57,0,0,"N"
550,"2014-04-19",151,2511,1,41,"N"
552,"2014-04-18",11,22,0,1,"N"
553,"2014-04-17",226,4046,0,52,"N"
555,"2014-04-16",44,75,0,1,"N"
556,"2014-04-11",27,41,0,2,"N"
557,"2014-04-10",229,2939,0,74,"N"
558,"2014-04-09",14,454,0,9,"N"
559,"2014-04-04",102,259,0,10,"N"
560,"2014-04-03",134,1595,0,34,"N"
561,"2014-04-01",65,141,0,0,"N"
562,"2014-03-31",61,289,0,17,"N"
564,"2014-03-26",170,417,0,83,"N"
565,"2014-03-25",116,1546,0,28,"N"
566,"2014-03-24",46,947,0,26,"N"
567,"2014-03-23",100,1769,0,31,"N"
568,"2014-03-22",41,1043,0,13,"N"
570,"2014-03-21",133,1970,0,30,"N"
572,"2014-03-19",16,420,0,7,"N"
573,"2014-03-18",80,1725,0,17,"N"
575,"2014-03-14",53,1070,0,17,"N"
578,"2014-03-10",136,1919,0,39,"N"
579,"2014-03-08",55,881,0,15,"N"
580,"2014-03-05",49,1523,1,18,"N"
581,"2014-03-03",89,1766,1,24,"N"
582,"2014-02-24",67,1009,0,21,"N"
584,"2014-02-18",43,967,0,33,"N"
585,"2014-02-17",115,1136,0,17,"N"
587,"2014-02-13",59,1340,0,27,"N"
588,"2014-02-11",148,1959,0,32,"N"
591,"2014-01-31",118,694,0,28,"N"
592,"2014-01-29",100,1425,0,27,"N"
594,"2014-01-27",151,1050,0,22,"N"
595,"2014-01-22",111,721,0,36,"N"
596,"2014-01-21",165,2040,1,33,"N"
597,"2014-01-17",44,164,0,7,"N"
599,"2014-01-15",67,317,0,23,"N"
600,"2014-01-13",111,1291,0,20,"N"
601,"2014-01-12",61,1202,0,9,"N"
603,"2014-01-10",18,321,0,6,"N"
604,"2014-01-09",83,1282,1,25,"N"
605,"2014-01-04",18,82,0,3,"N"
606,"2014-01-03",121,157,0,0,"N"
607,"2014-01-02",132,547,0,15,"N"
608,"2013-12-27",121,2038,1,48,"N"
609,"2013-12-25",98,1286,0,21,"N"
610,"2013-12-23",71,1277,0,10,"N"
611,"2013-12-16",143,1334,1,31,"N"
612,"2013-12-13",11,59,0,0,"N"
614,"2013-12-10",14,57,0,0,"N"
615,"2013-12-09",261,2904,0,52,"N"
616,"2013-12-04",88,1167,0,10,"N"
617,"2013-12-03",144,1672,0,30,"N"
619,"2013-11-30",20,308,0,6,"N"
620,"2013-11-29",81,1388,0,12,"N"
621,"2013-11-26",88,1304,0,16,"N"
622,"2013-11-25",163,1675,0,30,"N"
623,"2013-11-24",100,1722,0,27,"N"
625,"2013-11-18",89,81,0,6,"N"
626,"2013-11-14",168,2257,0,42,"N"
627,"2013-11-13",67,1059,0,9,"N"
629,"2013-11-11",147,2054,0,23,"N"
630,"2013-11-07",23,71,0,4,"N"
631,"2013-10-31",15,16,0,0,"N"
632,"2013-10-28",128,81,0,0,"N"
634,"2013-10-25",125,69,0,1,"N"
635,"2013-10-24",144,2274,0,34,"N"
643,"2013-10-10",113,1350,0,25,"N"
644,"2013-10-08",115,78,0,4,"N"
645,"2013-10-07",142,114,0,2,"N"
646,"2013-10-03",111,37,0,0,"N"
647,"2013-10-02",216,202,2,12,"N"
648,"2013-09-30",115,119,0,15,"N"
651,"2013-09-25",145,68,0,3,"N"
652,"2013-09-24",164,59,0,0,"N"
654,"2013-09-21",24,39,0,2,"N"
656,"2013-09-19",4,99,0,0,"N"
657,"2013-09-19",234,103,0,1,"N"
659,"2013-09-17",409,460,0,24,"N"
660,"2013-09-15",15,23,0,0,"N"
661,"2013-09-13",175,339,1,35,"N"
663,"2013-09-11",273,162,0,6,"N"
664,"2013-09-10",40,116,0,2,"N"
665,"2013-09-08",17,505,0,3,"N"
666,"2013-09-06",166,334,0,31,"N"
669,"2013-08-29",39,44,0,0,"N"
670,"2013-08-29",117,175,0,13,"N"
671,"2013-08-28",270,576,0,25,"N"
673,"2013-08-22",231,300,0,16,"N"
675,"2013-08-17",160,147,0,2,"N"
676,"2013-08-14",184,146,0,15,"N"
677,"2013-08-13",229,285,0,18,"N"
680,"2013-07-24",138,2791,0,29,"N"
682,"2013-07-20",128,291,0,9,"N"
684,"2013-07-15",273,315,0,24,"N"
685,"2013-07-14",248,406,0,31,"N"
686,"2013-07-11",159,1790,0,36,"N"
688,"2013-07-08",183,188,0,12,"N"
689,"2013-07-03",307,376,0,19,"N"
691,"2013-06-26",239,138,0,4,"N"
693,"2013-06-24",153,188,0,14,"N"
696,"2013-06-21",441,285,0,15,"N"
697,"2013-06-19",164,170,0,10,"N"
699,"2013-06-13",39,253,0,5,"N"
700,"2016-12-02",305,3584,185,219,"N"
701,"2016-12-01",4590,14103,1847,1166,"N"
702,"2016-11-16",217,2325,109,262,"N"
705,"2016-11-03",16504,42393,5158,975,"N"
706,"2016-10-25",50299,396371,18296,3846,"N"
707,"2016-10-18",1444,11746,805,330,"N"
708,"2016-10-08",1,4958,307,305,"N"
709,"2016-09-01",2853,14994,1262,858,"N"
711,"2016-08-22",1714,9869,626,405,"N"
712,"2016-08-20",503,9222,474,307,"N"
713,"2016-08-19",401,4150,146,162,"N"
714,"2016-08-18",2022,12336,556,311,"N"
715,"2016-08-17",6416,23270,2023,617,"N"
716,"2016-08-15",321,3918,201,117,"N"
718,"2016-08-13",178,2236,97,83,"N"
721,"2016-08-10",27100,83974,4674,1572,"N"
722,"2016-08-09",281,4083,255,71,"N"
723,"2016-08-08",5155,22319,1900,645,"N"
724,"2016-08-05",29441,61095,5574,1724,"N"
726,"2016-07-25",12326,14017,1582,772,"N"
728,"2016-07-12",5171,11969,1508,320,"N"
730,"2016-07-09",10109,54536,3943,1123,"N"
732,"2016-06-28",414,2545,143,178,"N"
733,"2016-06-24",198,1565,84,138,"N"
734,"2016-06-20",46830,51209,4293,1681,"N"
735,"2016-06-09",7298,15050,1130,1523,"N"
736,"2016-06-08",420,2041,92,199,"N"
737,"2016-06-02",708,7328,404,347,"N"
740,"2016-03-03",1076,6965,291,1223,"N"
741,"2016-03-02",178,2526,74,386,"N"
744,"2016-01-25",1,2230,203,670,"N"
745,"2016-01-16",1,3767,158,544,"N"
746,"2016-01-08",894,4360,196,598,"N"
747,"2015-12-25",0,2859,102,472,"N"
748,"2015-10-29",130439,201520,404,9095,"N"
752,"2015-09-25",2130,5825,49,749,"N"
757,"2015-07-07",2830,17735,13,1901,"N"
758,"2015-07-02",3264,8425,24,1950,"N"
759,"2015-04-20",0,7081,11,1177,"N"
760,"2015-04-05",47822,78285,46,4121,"N"
761,"2015-03-12",5,6144,10,1245,"N"
762,"2015-02-12",365,5615,6,1172,"N"
764,"2015-01-29",1673,11768,26,943,"N"
768,"2014-11-14",141,3331,4,417,"N"
771,"2014-10-22",767,8044,20,596,"N"
772,"2014-10-21",318,5234,5,330,"N"
773,"2014-10-20",1070,12152,24,411,"N"
776,"2014-09-16",1144,6983,5,899,"N"
780,"2014-08-11",84,3181,3,348,"N"
781,"2014-06-09",6361,34766,9,2561,"N"
784,"2014-04-11",338,6905,7,550,"N"
786,"2014-04-03",334,12382,13,525,"N"
788,"2014-03-06",845,4404,4,1093,"N"
790,"2013-10-31",1366,14290,4,1309,"N"
791,"2013-09-09",784,7824,4,510,"N"
792,"2013-08-29",505,3619,15,106,"N"
793,"2013-08-22",2627,24603,7,565,"N"
794,"2013-08-21",33318,71141,2,2674,"N"
795,"2013-08-20",4457,36773,175,1295,"N"
799,"2013-07-16",5975,58029,29,1359,"N"
803,"2016-12-10",10,577,20,0,"P"
804,"2016-12-09",31,784,36,9,"P"
807,"2016-12-07",84,1885,100,15,"P"
809,"2016-12-03",0,629,13,5,"P"
811,"2016-12-01",49,1042,46,12,"P"
812,"2016-11-30",32,1317,78,12,"P"
813,"2016-11-30",42,974,55,8,"P"
814,"2016-11-27",31,1178,62,4,"P"
816,"2016-11-23",63,1219,43,6,"P"
819,"2016-11-20",45,1436,82,13,"P"
820,"2016-11-17",336,2747,323,160,"P"
824,"2016-11-13",41,1316,35,8,"P"
825,"2016-11-11",37,988,38,6,"P"
826,"2016-11-10",205,3880,336,88,"P"
828,"2016-11-07",1505,1899,246,42,"P"
829,"2016-11-06",16,569,30,2,"P"
830,"2016-11-05",28,1960,113,28,"P"
831,"2016-11-05",144,2558,198,36,"P"
832,"2016-11-04",87,2248,124,28,"P"
834,"2016-11-02",58,1484,71,21,"P"
836,"2016-10-31",75,622,40,13,"P"
837,"2016-10-30",42,1621,50,10,"P"
839,"2016-10-27",48,2162,133,36,"P"
841,"2016-10-24",51,2301,155,40,"P"
842,"2016-10-23",105,2352,183,32,"P"
843,"2016-10-21",84,1763,118,25,"P"
844,"2016-10-21",14,376,20,2,"P"
848,"2016-10-14",1261,1568,235,27,"P"
849,"2016-10-13",28,790,33,9,"P"
850,"2016-10-11",168,2970,221,29,"P"
851,"2016-10-10",219,2407,235,47,"P"
855,"2016-10-05",60,1365,101,13,"P"
856,"2016-10-04",7,291,11,3,"P"
857,"2016-10-03",49,1084,98,19,"P"
859,"2016-10-01",14,420,25,11,"P"
860,"2016-09-30",117,2492,183,14,"P"
865,"2016-09-28",14,453,10,5,"P"
869,"2016-09-24",35,1085,49,15,"P"
870,"2016-09-23",23,491,15,9,"P"
874,"2016-09-20",45,865,70,11,"P"
875,"2016-09-20",35,1542,143,15,"P"
876,"2016-09-19",590,4267,605,94,"P"
879,"2016-09-15",19,710,24,10,"P"
881,"2016-09-11",25,778,25,12,"P"
882,"2016-09-10",10,500,20,4,"P"
884,"2016-09-08",22,416,19,6,"P"
886,"2016-09-06",92,1922,120,20,"P"
887,"2016-09-06",39,435,21,5,"P"
888,"2016-09-04",31,991,36,5,"P"
889,"2016-09-03",25,879,39,11,"P"
891,"2016-09-01",127,1756,131,46,"P"
892,"2016-08-28",7,559,7,4,"P"
894,"2016-08-25",95,1494,115,41,"P"
895,"2016-08-24",176,2818,250,62,"P"
896,"2016-08-22",107,1676,115,17,"P"
897,"2016-08-21",52,1346,78,28,"P"
898,"2016-08-20",70,1115,68,14,"P"
899,"2016-08-19",21,436,14,5,"P"
900,"2016-08-19",50,1379,45,10,"P"
901,"2016-08-18",16,859,22,7,"P"
902,"2016-08-17",7,416,8,10,"P"
905,"2016-08-15",82,2036,67,19,"P"
906,"2016-08-14",14,626,21,2,"P"
907,"2016-08-10",7,363,10,2,"P"
908,"2016-08-08",18,463,9,2,"P"
909,"2016-08-05",1429,2523,307,256,"P"
911,"2016-08-03",32,475,13,2,"P"
912,"2016-08-02",101,764,52,27,"P"
913,"2016-08-01",113,1865,91,16,"P"
915,"2016-07-30",130,1465,131,39,"P"
916,"2016-07-30",22,458,12,10,"P"
917,"2016-07-28",512,1221,173,58,"P"
918,"2016-07-27",9,328,8,0,"P"
919,"2016-07-24",10,360,9,5,"P"
920,"2016-07-23",27,511,17,4,"P"
921,"2016-07-21",13,279,19,4,"P"
922,"2016-07-19",42,421,17,11,"P"
923,"2016-07-19",100,912,82,23,"P"
924,"2016-07-18",18,353,15,5,"P"
925,"2016-07-15",19,293,12,10,"P"
927,"2016-07-14",41,482,25,4,"P"
928,"2016-07-12",62,193,13,4,"P"
929,"2016-07-11",33,241,15,8,"P"
930,"2016-07-10",119,1536,104,20,"P"
932,"2016-07-07",14,171,4,6,"P"
933,"2016-07-06",66,1250,63,37,"P"
934,"2016-07-04",188,3478,197,93,"P"
935,"2016-07-02",56,499,33,8,"P"
937,"2016-06-28",32,227,15,5,"P"
938,"2016-06-26",43,466,24,9,"P"
939,"2016-06-24",20,197,11,4,"P"
941,"2016-06-20",14,280,16,12,"P"
942,"2016-06-19",62,406,32,16,"P"
943,"2016-06-17",33,376,16,10,"P"
945,"2016-06-15",93,479,42,34,"P"
946,"2016-06-10",18,235,3,7,"P"
947,"2016-06-08",98,628,44,26,"P"
948,"2016-05-30",67,567,35,23,"P"
950,"2016-05-26",59,377,46,40,"P"
951,"2016-05-26",270,19982,237,37,"P"
954,"2016-05-21",48,600,20,14,"P"
955,"2016-05-19",15,313,5,8,"P"
957,"2016-05-14",61,591,24,23,"P"
958,"2016-05-13",11,182,6,10,"P"
959,"2016-05-12",18,271,25,14,"P"
960,"2016-05-05",28,210,11,20,"P"
961,"2016-05-02",25,312,5,10,"P"
962,"2016-05-01",76,534,38,22,"P"
963,"2016-04-30",7,153,5,4,"P"
964,"2016-04-28",11,374,5,9,"P"
965,"2016-04-27",26,639,38,20,"P"
966,"2016-04-26",46,1010,17,14,"P"
968,"2016-04-24",42,455,18,19,"P"
969,"2016-04-23",39,446,32,21,"P"
970,"2016-04-22",53,514,37,29,"P"
971,"2016-04-21",270,749,84,107,"P"
972,"2016-04-21",19,200,4,2,"P"
973,"2016-04-20",16,364,14,10,"P"
975,"2016-04-19",32,415,30,12,"P"
976,"2016-04-16",35,342,9,12,"P"
977,"2016-04-15",8,120,3,2,"P"
979,"2016-04-13",23,215,8,4,"P"
982,"2016-04-08",60,541,29,5,"P"
986,"2016-03-30",2059,8303,330,83,"P"
988,"2016-03-28",36,501,24,15,"P"
989,"2016-03-26",39,598,23,15,"P"
990,"2016-03-24",188,19961,397,82,"P"
993,"2016-03-22",13,188,2,2,"P"
994,"2016-03-20",25,315,13,14,"P"
995,"2016-03-19",15,279,10,5,"P"
996,"2016-03-17",62,419,18,20,"P"
999,"2016-03-13",58,795,51,38,"P"
1000,"2016-03-12",63,285,10,11,"P"
1003,"2016-03-08",11,228,4,13,"P"
1005,"2016-03-04",11,264,5,5,"P"
1006,"2016-03-03",134,999,75,28,"P"
1012,"2016-02-26",60,518,62,11,"P"
1013,"2016-02-25",27,395,13,9,"P"
1014,"2016-02-24",14,281,4,10,"P"
1015,"2016-02-23",5,220,1,9,"P"
1019,"2016-02-19",26,336,5,9,"P"
1021,"2016-02-18",45,227,13,7,"P"
1022,"2016-02-17",1071,13534,1,181,"P"
1023,"2016-02-15",22,164,5,6,"P"
1024,"2016-02-15",19,289,2,5,"P"
1025,"2016-02-14",14,341,1,13,"P"
1026,"2016-02-13",67,496,8,22,"P"
1027,"2016-02-12",10,279,2,8,"P"
1029,"2016-02-10",10,207,0,4,"P"
1030,"2016-02-10",20,270,0,2,"P"
1031,"2016-02-08",41,920,0,16,"P"
1032,"2016-02-04",46,328,7,21,"P"
1034,"2016-02-02",11,218,2,6,"P"
1035,"2016-02-01",11,411,0,10,"P"
1036,"2016-01-30",24,285,0,7,"P"
1037,"2016-01-29",22,349,1,10,"P"
1038,"2016-01-28",31,336,0,16,"P"
1039,"2016-01-26",22,244,2,13,"P"
1040,"2016-01-25",27,542,5,11,"P"
1041,"2016-01-24",16,220,0,6,"P"
1042,"2016-01-20",69,712,3,14,"P"
1043,"2016-01-18",14,252,1,5,"P"
1044,"2016-01-17",20,279,0,8,"P"
1045,"2016-01-15",74,213,2,14,"P"
1046,"2016-01-14",15,359,1,8,"P"
1047,"2016-01-14",23,130,1,7,"P"
1048,"2016-01-13",126,354,0,5,"P"
1049,"2016-01-11",37,154,0,7,"P"
1050,"2016-01-10",21,291,3,16,"P"
1051,"2016-01-08",8,345,0,14,"P"
1054,"2016-01-04",23,236,1,8,"P"
1055,"2016-01-02",29,167,0,13,"P"
1056,"2015-12-29",81,766,6,19,"P"
1059,"2015-12-22",26,487,2,17,"P"
1061,"2015-12-13",26,331,0,14,"P"
1062,"2015-12-10",52,489,1,17,"P"
1064,"2015-12-03",60,485,2,20,"P"
1065,"2015-12-02",29,561,0,18,"P"
1066,"2015-11-30",51,225,0,12,"P"
1067,"2015-11-30",17,899,1,9,"P"
1071,"2015-11-24",18,178,1,5,"P"
1072,"2015-11-23",0,126,1,9,"P"
1074,"2015-11-22",21,233,6,7,"P"
1076,"2015-11-20",47,501,7,14,"P"
1078,"2015-11-14",51,631,2,26,"P"
1079,"2015-11-12",28,626,1,16,"P"
1080,"2015-11-12",44,594,0,21,"P"
1081,"2015-11-09",56,308,0,21,"P"
1082,"2015-11-08",25,174,0,10,"P"
1083,"2015-11-07",60,878,6,22,"P"
1084,"2015-11-06",29,416,1,10,"P"
1085,"2015-11-05",1429,935,6,41,"P"
1087,"2015-11-01",46,613,5,14,"P"
1089,"2015-10-30",78,758,7,12,"P"
1091,"2015-10-29",31,438,3,11,"P"
1092,"2015-10-28",22,186,2,11,"P"
1094,"2015-10-26",103,799,5,18,"P"
1095,"2015-10-25",15,290,0,4,"P"
1096,"2015-10-25",51,776,4,14,"P"
1098,"2015-10-23",55,818,0,8,"P"
1099,"2015-10-22",42,585,0,12,"P"
1100,"2015-10-19",30,580,0,6,"P"
1101,"2015-10-18",29,528,0,6,"P"
1103,"2015-10-13",23,492,1,17,"P"
1105,"2015-10-09",26,495,0,11,"P"
1107,"2015-10-07",8,349,0,8,"P"
1108,"2015-10-06",19,472,0,16,"P"
1109,"2015-10-05",16,141,0,4,"P"
1110,"2015-10-03",41,463,0,7,"P"
1111,"2015-10-01",64,223,0,4,"P"
1113,"2015-09-29",124,1079,21,59,"P"
1114,"2015-09-27",78,960,17,53,"P"
1115,"2015-09-26",15,463,0,14,"P"
1117,"2015-09-25",208,1396,14,73,"P"
1118,"2015-09-24",30,252,0,8,"P"
1119,"2015-09-23",18,421,0,9,"P"
1120,"2015-09-22",16,262,0,15,"P"
1121,"2015-09-21",24,259,0,13,"P"
1122,"2015-09-20",66,968,1,23,"P"
1124,"2015-09-19",65,1503,0,15,"P"
1125,"2015-09-16",6,49,0,5,"P"
1127,"2015-09-14",951,3057,6,88,"P"
1132,"2015-09-07",25,509,0,10,"P"
1133,"2015-09-06",150,2353,2,54,"P"
1134,"2015-09-05",24,317,0,6,"P"
1136,"2015-09-03",58,272,0,10,"P"
1139,"2015-08-31",38,4125,7,19,"P"
1142,"2015-08-27",24,297,1,14,"P"
1143,"2015-08-27",88,614,0,15,"P"
1144,"2015-08-26",88,1159,2,15,"P"
1146,"2015-08-23",183,2638,0,39,"P"
1150,"2015-08-14",44,1084,0,31,"P"
1151,"2015-08-12",52,343,0,20,"P"
1152,"2015-08-12",17,647,0,9,"P"
1154,"2015-08-10",82,1179,0,26,"P"
1158,"2015-07-30",53,1029,1,18,"P"
1159,"2015-07-29",60,1069,0,25,"P"
1161,"2015-07-26",32,1174,0,19,"P"
1164,"2015-07-24",46,1014,0,7,"P"
1165,"2015-07-24",5,112,0,1,"P"
1167,"2015-07-19",34,1067,0,11,"P"
1168,"2015-07-16",48,2720,0,38,"P"
1169,"2015-07-16",25,287,0,9,"P"
1171,"2015-07-14",53,1292,0,17,"P"
1172,"2015-07-14",48,1278,0,17,"P"
1173,"2015-07-14",16,806,1,15,"P"
1177,"2015-07-09",89,2664,0,36,"P"
1178,"2015-07-08",73,1047,5,18,"P"
1180,"2015-07-05",34,1515,0,25,"P"
1182,"2015-07-01",57,2042,2,34,"P"
1183,"2015-06-30",28,742,0,18,"P"
1184,"2015-06-28",22,801,0,23,"P"
1185,"2015-06-26",15,265,0,16,"P"
1186,"2015-06-26",83,2278,1,26,"P"
1187,"2015-06-25",49,379,0,11,"P"
1189,"2015-06-21",27,832,0,24,"P"
1191,"2015-06-18",24,1037,0,19,"P"
1192,"2015-06-15",7,636,0,5,"P"
1193,"2015-06-14",16,810,0,14,"P"
1194,"2015-06-13",14,602,0,5,"P"
1195,"2015-06-11",108,3219,1,48,"P"
1196,"2015-06-09",20,948,1,7,"P"
1197,"2015-06-07",127,3915,1,41,"P"
1199,"2015-06-03",148,4082,2,43,"P"
1201,"2016-12-13",34,1087,61,23,"U"
1202,"2016-12-12",19,414,26,14,"U"
1203,"2016-12-08",0,200,6,12,"U"
1206,"2016-12-05",203,2355,149,57,"U"
1211,"2016-11-28",36,565,21,21,"U"
1212,"2016-11-25",27,394,15,18,"U"
1213,"2016-11-25",0,1011,55,17,"U"
1216,"2016-11-20",60,651,28,14,"U"
1217,"2016-11-16",0,353,27,8,"U"
1218,"2016-11-11",71,1162,45,6,"U"
1219,"2016-11-11",55,317,12,3,"U"
1224,"2016-11-07",0,644,32,12,"U"
1225,"2016-11-07",36,1177,52,9,"U"
1227,"2016-11-05",58,1041,38,37,"U"
1228,"2016-11-05",52,504,10,9,"U"
1230,"2016-11-03",50,752,28,17,"U"
1232,"2016-10-29",0,531,24,5,"U"
1233,"2016-10-28",0,428,34,5,"U"
1234,"2016-10-27",0,531,36,22,"U"
1236,"2016-10-25",73,920,42,16,"U"
1237,"2016-10-24",713,1203,128,177,"U"
1239,"2016-10-22",0,217,4,9,"U"
1242,"2016-10-12",66,849,45,21,"U"
1243,"2016-10-09",23,700,18,11,"U"
1244,"2016-10-07",6,559,20,11,"U"
1245,"2016-10-07",18,599,23,15,"U"
1248,"2016-10-03",10,482,21,8,"U"
1249,"2016-10-01",17,658,27,10,"U"
1250,"2016-09-30",46,998,56,56,"U"
1251,"2016-09-28",49,994,35,16,"U"
1252,"2016-09-27",10,283,7,4,"U"
1253,"2016-09-27",41,531,18,11,"U"
1255,"2016-09-25",58,1014,85,67,"U"
1257,"2016-09-22",70,716,28,13,"U"
1260,"2016-09-18",10,417,7,12,"U"
1262,"2016-09-17",65,2793,67,24,"U"
1264,"2016-09-16",7,446,18,4,"U"
1265,"2016-09-16",8,477,10,12,"U"
1267,"2016-09-15",9,365,5,11,"U"
1271,"2016-09-13",13,686,27,17,"U"
1273,"2016-09-13",12,694,18,23,"U"
1275,"2016-09-10",12,618,22,11,"U"
1276,"2016-09-10",40,938,32,12,"U"
1279,"2016-09-08",93,456,20,11,"U"
1282,"2016-09-04",57,706,39,19,"U"
1284,"2016-09-02",81,826,41,14,"U"
1285,"2016-09-01",85,1662,69,32,"U"
1286,"2016-08-31",61,364,17,16,"U"
1288,"2016-08-27",77,1446,75,39,"U"
1291,"2016-08-24",8,543,30,75,"U"
1292,"2016-08-23",31,674,27,79,"U"
1293,"2016-08-23",151,1684,99,73,"U"
1294,"2016-08-22",50,875,51,68,"U"
1297,"2016-08-22",629,3273,252,116,"U"
1298,"2016-08-21",225,3643,221,217,"U"
1299,"2016-08-20",18,698,28,224,"U"
1300,"2016-08-16",19,408,46,284,"U"
1302,"2016-08-15",18,680,32,88,"U"
1303,"2016-08-15",17,440,17,63,"U"
1304,"2016-08-15",4,372,19,36,"U"
1305,"2016-08-14",12,531,32,35,"U"
1306,"2016-08-14",1,323,16,19,"U"
1311,"2016-08-14",80,2909,121,25,"U"
1312,"2016-08-13",18,621,21,14,"U"
1313,"2016-08-12",21,872,36,14,"U"
1314,"2016-08-12",16,525,19,3,"U"
1316,"2016-08-11",117,1059,48,10,"U"
1317,"2016-08-11",98,2089,81,50,"U"
1318,"2016-08-11",126,2658,144,13,"U"
1320,"2016-08-10",167,2306,159,21,"U"
1321,"2016-08-05",34,469,19,13,"U"
1322,"2016-07-26",26,336,17,10,"U"
1329,"2016-07-09",20,159,6,1,"U"
1330,"2016-07-09",27,273,18,4,"U"
1331,"2016-07-09",34,133,9,4,"U"
1332,"2016-07-07",32,140,8,6,"U"
1333,"2016-07-05",70,400,16,11,"U"
1334,"2016-07-01",32,301,15,12,"U"
1336,"2016-06-28",84,503,22,10,"U"
1337,"2016-06-26",37,236,6,8,"U"
1339,"2016-06-25",22,196,6,3,"U"
1341,"2016-06-23",13,306,6,2,"U"
1342,"2016-06-23",224,5862,193,171,"U"
1343,"2016-06-22",23,493,13,8,"U"
1344,"2016-06-13",36,678,9,12,"U"
1347,"2016-06-04",2302,2863,200,43,"U"
1348,"2016-06-04",10,230,29,0,"U"
1349,"2016-06-04",664,1613,9,124,"U"
1352,"2016-05-31",138,1071,53,9,"U"
1353,"2016-05-29",0,531,15,3,"U"
1354,"2016-05-24",156,589,25,41,"U"
1355,"2016-05-23",24,423,15,6,"U"
1359,"2016-05-10",113,875,35,10,"U"
1362,"2016-04-28",10,325,6,8,"U"
1364,"2016-04-22",30,384,5,11,"U"
1367,"2016-04-14",0,648,31,9,"U"
1368,"2016-04-14",26,497,19,9,"U"
1369,"2016-04-14",0,2056,106,49,"U"
1370,"2016-04-11",14,345,7,7,"U"
1371,"2016-04-11",82,1161,42,15,"U"
1372,"2016-04-09",21,314,5,5,"U"
1373,"2016-04-05",36,280,11,13,"U"
1374,"2016-04-04",34,493,15,3,"U"
1375,"2016-04-04",32,632,23,49,"U"
1376,"2016-03-29",63,897,33,41,"U"
1377,"2016-03-26",69,867,36,16,"U"
1378,"2016-03-25",34,400,13,19,"U"
1379,"2016-03-25",87,1102,42,6,"U"
1380,"2016-03-24",43,346,14,8,"U"
1381,"2016-03-22",26,177,2,7,"U"
1382,"2016-03-21",30,180,4,6,"U"
1384,"2016-03-18",104,382,12,5,"U"
1385,"2016-03-17",329,946,60,46,"U"
1388,"2016-03-14",0,382,15,9,"U"
1389,"2016-03-14",12,236,11,4,"U"
1393,"2016-03-10",77,308,7,3,"U"
1394,"2016-03-10",20,346,7,4,"U"
1395,"2016-03-09",31,335,14,10,"U"
1396,"2016-03-09",19,272,6,9,"U"
1397,"2016-03-09",4304,16794,473,315,"U"
1401,"2016-03-06",4,259,9,5,"U"
1402,"2016-03-03",18,173,3,2,"U"
1406,"2016-03-01",8,218,5,2,"U"
1408,"2016-02-29",9,335,7,2,"U"
1409,"2016-02-28",6,418,10,2,"U"
1410,"2016-02-28",54,1095,14,93,"U"
1413,"2016-02-27",13,211,3,2,"U"
1414,"2016-02-27",28,344,21,6,"U"
1415,"2016-02-27",11,195,7,1,"U"
1416,"2016-02-26",140,2368,74,126,"U"
1419,"2016-02-25",4,69,4,0,"U"
1420,"2016-02-25",27,167,6,4,"U"
1421,"2016-02-25",148,2158,59,66,"U"
1429,"2016-02-23",33764,106349,6174,2955,"U"
1430,"2016-02-18",94,481,9,136,"U"
1431,"2016-02-17",58,590,10,85,"U"
1432,"2016-02-17",136,2017,26,73,"U"
1433,"2016-02-16",27,195,2,17,"U"
1435,"2016-02-14",25,475,3,14,"U"
1436,"2016-02-14",86,323,0,12,"U"
1437,"2016-02-13",15,200,0,9,"U"
1438,"2016-02-13",12,157,0,3,"U"
1439,"2016-02-13",32,378,3,16,"U"
1441,"2016-02-12",48,294,1,8,"U"
1442,"2016-02-12",13,136,4,3,"U"
1443,"2016-02-12",63,677,14,21,"U"
1445,"2016-02-10",19,246,0,9,"U"
1448,"2016-02-08",5,192,1,3,"U"
1449,"2016-02-08",25,1006,8,13,"U"
1453,"2016-02-07",23,256,2,1,"U"
1455,"2016-02-07",11485,27680,4,846,"U"
1456,"2016-02-07",67,411,4,10,"U"
1458,"2016-02-07",79,641,10,23,"U"
1459,"2016-02-06",21,169,0,4,"U"
1460,"2016-02-06",43,118,0,2,"U"
1461,"2016-02-06",35,265,0,6,"U"
1462,"2016-02-05",30,109,1,5,"U"
1464,"2016-02-05",16,491,0,4,"U"
1465,"2016-02-05",276,1318,6,36,"U"
1466,"2016-02-04",6,255,1,4,"U"
1467,"2016-02-04",1796,5310,0,180,"U"
1469,"2016-02-02",16,242,0,5,"U"
1470,"2016-02-01",5,110,0,1,"U"
1471,"2016-01-30",47,237,2,12,"U"
1472,"2016-01-29",30,211,0,6,"U"
1473,"2016-01-28",286,1212,1,39,"U"
1478,"2016-01-23",7,575,1,1,"U"
1479,"2016-01-19",24,416,0,4,"U"
1480,"2016-01-16",21,228,0,4,"U"
1485,"2016-01-05",181,421,2,54,"U"
1487,"2015-12-31",19,361,1,4,"U"
1488,"2015-12-21",158,568,3,29,"U"
1489,"2015-12-20",8,271,0,2,"U"
1493,"2015-12-12",49,353,0,13,"U"
1494,"2015-12-12",126,841,2,45,"U"
1496,"2015-12-07",84,938,1,8,"U"
1497,"2015-12-05",10,201,0,3,"U"
1499,"2015-11-29",12,174,0,11,"U"
1500,"2015-11-28",8,195,0,1,"U"
1502,"2015-11-27",4,108,0,8,"U"
1505,"2015-11-23",51,254,0,8,"U"
1507,"2015-11-20",0,532,2,30,"U"
1508,"2015-11-19",75,313,2,5,"U"
1510,"2015-11-11",0,400,0,7,"U"
1514,"2015-11-03",4124,1693,10,52,"U"
1515,"2015-11-02",25,247,0,3,"U"
1516,"2015-10-30",59,332,0,9,"U"
1517,"2015-10-30",26,250,2,6,"U"
1518,"2015-10-27",0,715,2,26,"U"
1519,"2015-10-26",3792,1529,8,28,"U"
1520,"2015-10-24",0,768,1,17,"U"
1521,"2015-10-21",5,231,0,2,"U"
1522,"2015-10-21",0,861,1,18,"U"
1523,"2015-10-20",188,625,1,51,"U"
1524,"2015-10-20",34,1110,2,15,"U"
1525,"2015-10-19",23,238,0,5,"U"
1527,"2015-10-16",20,291,0,3,"U"
1528,"2015-10-14",7,247,0,2,"U"
1529,"2015-10-12",7,192,2,3,"U"
1530,"2015-10-12",13,261,0,4,"U"
1532,"2015-10-08",3,83,0,0,"U"
1534,"2015-10-06",4,190,0,4,"U"
1535,"2015-10-02",16,441,0,6,"U"
1537,"2015-10-01",2,148,0,0,"U"
1538,"2015-09-30",116,393,1,4,"U"
1539,"2015-09-29",191,1217,2,10,"U"
1541,"2015-09-28",49,302,1,4,"U"
1542,"2015-09-27",57,472,0,9,"U"
1544,"2015-09-21",48,350,0,2,"U"
1545,"2015-09-18",0,224,0,1,"U"
1547,"2015-09-13",80,643,1,20,"U"
1548,"2015-09-11",1840,2088,4,269,"U"
1550,"2015-09-08",35,324,0,3,"U"
1551,"2015-09-08",12,422,0,6,"U"
1556,"2015-09-06",11,1036,2,11,"U"
1557,"2015-09-06",42,779,1,16,"U"
1558,"2015-09-06",30,640,1,2,"U"
1559,"2015-09-05",96,769,2,9,"U"
1561,"2015-09-05",52,779,1,11,"U"
1562,"2015-09-05",79,676,0,5,"U"
1564,"2015-09-03",22,453,0,5,"U"
1566,"2015-09-02",242,1862,4,54,"U"
1567,"2015-09-02",117,406,0,6,"U"
1568,"2015-09-02",20,392,0,3,"U"
1569,"2015-09-01",212,940,1,15,"U"
1570,"2015-09-01",20,337,2,7,"U"
1571,"2015-08-26",24,507,1,0,"U"
1572,"2015-08-25",31,498,0,4,"U"
1575,"2015-08-24",2889,17451,5,274,"U"
1576,"2015-08-22",39,518,1,14,"U"
1578,"2015-08-19",30,682,1,19,"U"
1581,"2015-08-17",12,270,0,10,"U"
1584,"2015-08-16",10,292,0,2,"U"
1585,"2015-08-16",33,541,0,11,"U"
1586,"2015-08-13",339,40,0,5,"U"
1587,"2015-08-12",55,915,1,13,"U"
1589,"2015-08-11",16,298,0,0,"U"
1590,"2015-08-11",15,128,0,3,"U"
1591,"2015-08-09",20,326,0,4,"U"
1592,"2015-08-07",41,818,1,14,"U"
1593,"2015-08-07",16,676,0,1,"U"
1594,"2015-08-05",8,409,0,3,"U"
1598,"2015-07-31",0,266,0,2,"U"
